word,decade,n
yeah,1960s,224
na,1960s,201
hey,1960s,119
love,1960s,108
shout,1960s,89
baby,1950s,76
ah,1960s,72
love,1980s,68
rock,1950s,63
baby,1960s,60
hey,1980s,59
baby,1980s,55
love,1950s,53
feel,1960s,51
la,1960s,51
bit,1960s,50
bop,1960s,48
jude,1960s,46
shack,1980s,45
naa,1960s,44
wanna,1960s,38
ch,1970s,36
gonna,1960s,36
bye,1950s,34
girl,1960s,33
gonna,1950s,33
people,1960s,33
girls,1960s,31
life,2000s,31
lifting,1960s,31
lust,2000s,31
night,1960s,31
time,1970s,31
gimme,1960s,30
hey,1970s,30
peggy,1950s,30
time,1960s,28
rock,1980s,27
shake,1950s,27
wop,1960s,27
yeah,1970s,27
bang,1980s,26
generation,1960s,26
ooh,1960s,26
sue,1950s,26
aw,1950s,25
frutti,1950s,25
home,1960s,25
load,1960s,25
rock,1970s,25
rutti,1950s,25
tutti,1950s,25
gonna,1970s,24
la,1970s,24
law,1960s,24
lovin,1960s,23
wooo,1960s,23
bop,1950s,22
bout,1960s,22
fire,1960s,22
ooo,1960s,22
talkin,1960s,22
woman,1960s,22
california,1960s,21
day,1960s,21
future,1970s,21
gotta,1960s,21
rollin,1960s,21
hand,1960s,20
hold,1960s,20
life,1960s,20
lonely,1950s,20
pretty,1960s,20
true,1950s,20
hey,1950s,19
sound,1960s,19
tonight,1950s,19
blue,1950s,18
day,1950s,18
gas,1960s,18
joe,1960s,18
wanna,1970s,18
world,1960s,18
johnny,1950s,17
lord,1970s,17
mind,1960s,17
reach,1960s,17
softer,1960s,17
song,1960s,17
bobby,1970s,16
excitations,1960s,16
louie,1960s,16
love,1970s,16
lula,1950s,16
play,1960s,16
shoes,1950s,16
that'll,1950s,16
vibrations,1960s,16
clock,1950s,15
foxy,1960s,15
hard,1960s,15
home,1970s,15
lobster,1970s,15
mine,1960s,15
tambourine,1960s,15
walk,1960s,15
yeah,1980s,15
baby,1970s,14
caught,1960s,14
city,1980s,14
dig,1960s,14
glad,1960s,14
honey,1960s,14
london,1970s,14
lonely,1960s,14
mine,1950s,14
ooh,1970s,14
son,1970s,14
stay,1980s,14
time,1950s,14
twenty,1980s,14
whoa,1960s,14
calling,1970s,13
car,1980s,13
da,1970s,13
goin,1950s,13
heard,1960s,13
hurry,1980s,13
loves,1960s,13
ma,1960s,13
stop,1980s,13
wanna,1980s,13
won,1960s,13
alright,1960s,12
bam,1980s,12
bambam,1980s,12
da,1980s,12
daa,1970s,12
day,1970s,12
die,1950s,12
doll,1950s,12
eyes,1960s,12
fast,1980s,12
feel,1950s,12
fought,1960s,12
fun,1950s,12
heartbreak,1950s,12
layla,1970s,12
lotta,1960s,12
louder,1960s,12
maybellene,1950s,12
morning,1960s,12
nice,1960s,12
rave,1950s,12
repeats,1980s,12
sedated,1980s,12
son,1960s,12
suede,1950s,12
walk,1970s,12
wanderer,1960s,12
wild,1970s,12
words,1960s,12
ahhh,1960s,11
black,1980s,11
change,1970s,11
crowd,1980s,11
dance,1950s,11
fanny,1960s,11
free,1960s,11
girl,1950s,11
god,1970s,11
grapevine,1960s,11
hit,1980s,11
left,1970s,11
lo,1970s,11
mine,1980s,11
music,1950s,11
papa,1970s,11
preacher,1960s,11
roam,1960s,11
sweet,1980s,11
wanna,1950s,11
yesterday,1960s,11
bad,1960s,10
brown,1960s,10
crazy,1950s,10
easy,1960s,10
fields,1960s,10
goin,1960s,10
goodbye,1950s,10
head,1960s,10
hear,1960s,10
ho,1970s,10
jack,1960s,10
jailhouse,1950s,10
lady,1960s,10
lay,1950s,10
lie,1950s,10
light,1960s,10
lose,1960s,10
ow,1960s,10
rocket,1970s,10
save,1970s,10
stay,1960s,10
stop,1960s,10
strawberry,1960s,10
tomorrow,1960s,10
yeah,1950s,10
baby,1990s,9
born,1960s,9
cry,1950s,9
dancing,1950s,9
denial,1990s,9
die,1960s,9
door,1980s,9
flash,1960s,9
found,1960s,9
giving,1960s,9
gotta,1980s,9
hear,1950s,9
heart,1950s,9
inside,1960s,9
kill,1990s,9
living,1980s,9
lonely,1970s,9
loser,1990s,9
low,1990s,9
momma,1970s,9
river,1960s,9
rockin,1950s,9
round,1960s,9
satisfaction,1980s,9
set,1960s,9
soy,1990s,9
step,1950s,9
town,1960s,9
trap,1960s,9
winter's,1960s,9
aye,1980s,8
bom,1950s,8
boy,1960s,8
child,1980s,8
control,1980s,8
darling,1970s,8
doo,1970s,8
dreamin,1960s,8
feeling,1960s,8
feet,1960s,8
found,1980s,8
funky,1980s,8
gloria,1960s,8
lotta,1950s,8
mcgee,1970s,8
miss,1950s,8
molly,1950s,8
night,1970s,8
ohh,1950s,8
oom,1960s,8
perdedor,1990s,8
pretty,1950s,8
queen,1970s,8
remember,1960s,8
run,1960s,8
shakin,1950s,8
sock,1960s,8
sun,1970s,8
times,1960s,8
uh,1950s,8
what'd,1950s,8
wrong,1960s,8
anarchy,1970s,7
arms,1960s,7
ball,1950s,7
bump,1980s,7
caught,1950s,7
clown,1960s,7
cold,1960s,7
cos,1960s,7
dog,1950s,7
dream,1990s,7
driving,1980s,7
feeling,1980s,7
followin,1960s,7
forever,1960s,7
gal,1950s,7
golly,1950s,7
guitar,1960s,7
jangle,1960s,7
jingle,1960s,7
jumping,1960s,7
knees,1970s,7
lie,1970s,7
live,1980s,7
minds,1960s,7
mmm,1960s,7
momma,1950s,7
named,1950s,7
nothin,1950s,7
om,1960s,7
oooo,2000s,7
planet,1980s,7
rollin,1950s,7
round,1970s,7
shot,1960s,7
sky,1960s,7
sleep,1960s,7
sleepy,1960s,7
soul,1980s,7
started,1950s,7
strange,1970s,7
time,1980s,7
wild,1960s,7
wisdom,1960s,7
woah,1980s,7
ahh,1960s,6
ahhh,1950s,6
babe,1970s,6
blitzkrieg,1970s,6
block,1950s,6
blues,1970s,6
body,1980s,6
bop,1970s,6
born,1970s,6
call,1970s,6
care,1960s,6
changed,1960s,6
classed,1950s,6
coolin,1960s,6
cruel,1950s,6
cryin,1950s,6
da,1960s,6
day's,1960s,6
days,1960s,6
doo,1960s,6
entertain,1990s,6
everyday,1950s,6
eyed,1960s,6
eyes,1970s,6
friend,1950s,6
gently,1960s,6
gotta,1950s,6
grown,1960s,6
hat,1970s,6
heard,1990s,6
heart,1960s,6
heart,1970s,6
hide,1960s,6
honey,1950s,6
hound,1950s,6
jump,1960s,6
left,1960s,6
line,1960s,6
loo,1950s,6
love,2000s,6
maggie,1970s,6
mary,1960s,6
moondance,1970s,6
mop,1950s,6
nothin,1970s,6
o'clock,1950s,6
rabbit,1950s,6
respect,1960s,6
run,1970s,6
running,1970s,6
shooby,1960s,6
si,1980s,6
sleeping,1960s,6
spice,1960s,6
streets,1970s,6
sugar,1960s,6
suspicious,1960s,6
til,1970s,6
tired,1960s,6
told,1960s,6
tonight,1960s,6
true,1960s,6
waiting,1960s,6
weeps,1960s,6
world,1980s,6
ya,1960s,6
alop,1950s,5
awop,1950s,5
backbeat,1950s,5
balls,1950s,5
band,1950s,5
barn,1950s,5
bed,1960s,5
boy,1950s,5
broad,1950s,5
cadillac,1950s,5
call,1950s,5
called,1970s,5
cathy's,1960s,5
cell,1950s,5
changin,1960s,5
choose,1950s,5
darlin,1960s,5
darling,1960s,5
day,1980s,5
daylight,1950s,5
days,1970s,5
dead,1960s,5
drives,1950s,5
everybody's,1980s,5
fade,1960s,5
feel,1990s,5
feelin,1970s,5
fire,1950s,5
folks,1970s,5
fortunate,1970s,5
girls,1970s,5
goode,1950s,5
goodness,1950s,5
gracious,1950s,5
ground,1960s,5
guitar,1970s,5
gun,1960s,5
guy,1960s,5
hair,1960s,5
happy,1960s,5
haze,1960s,5
head,1970s,5
heels,1960s,5
hours,1980s,5
judy,1960s,5
kids,1970s,5
kisses,1960s,5
leave,1950s,5
leave,1960s,5
leaves,1960s,5
life,1980s,5
line,1970s,5
lo,1980s,5
lord,1960s,5
lose,1950s,5
makes,1960s,5
messin,1960s,5
money,1960s,5
people,1980s,5
pickin,1960s,5
play,1950s,5
play,1970s,5
real,1960s,5
river,1980s,5
rock'n'roll,1950s,5
roll,1950s,5
romance,1970s,5
sad,1960s,5
set,1980s,5
sha,1960s,5
ship,1960s,5
smile,1970s,5
soft,1970s,5
soplo,1980s,5
spoken,1960s,5
stone,1960s,5
street,1960s,5
surely,1950s,5
sweet,1960s,5
til,1950s,5
told,1970s,5
trace,1970s,5
wait,1960s,5
whoa,1970s,5
woo,1950s,5
world,1970s,5
ya,1980s,5
yo,1980s,5
zih,1980s,5
afraid,1960s,4
age,1970s,4
answer,1960s,4
babe,1960s,4
beat,1970s,4
begging,1970s,4
boss,1970s,4
brings,1970s,4
burnin,1970s,4
cast,1960s,4
coming,1970s,4
complete,1960s,4
cry,1980s,4
daisy,1950s,4
deep,1980s,4
died,1970s,4
dog,1960s,4
doin,1960s,4
dream,1960s,4
dream,1970s,4
drugs,2000s,4
ear,2000s,4
ease,1970s,4
engines,1970s,4
everybody's,1970s,4
faster,1950s,4
fear,1970s,4
feel,1980s,4
feelin,1950s,4
fingers,1980s,4
fooled,1970s,4
free,1980s,4
friend,1960s,4
fuse,1970s,4
gettin,1950s,4
girl,1980s,4
glitter,1980s,4
gotta,1970s,4
grey,1960s,4
guess,1960s,4
guy,2000s,4
hand,1970s,4
hands,1960s,4
happiness,1960s,4
harm,1960s,4
heard,1970s,4
home,1980s,4
honey,1970s,4
hope,1960s,4
hot,1960s,4
house,1980s,4
hung,1960s,4
laid,1970s,4
late,1960s,4
laugh,1960s,4
led,1970s,4
liquor,2000s,4
live,1970s,4
lolo,1970s,4
lookin,1960s,4
lost,1960s,4
lover,1970s,4
magic,1970s,4
mind,1970s,4
minute,1960s,4
miss,1960s,4
modern,2000s,4
moonlight,1970s,4
mountain,1980s,4
night,1950s,4
ooh,1950s,4
ooh,1980s,4
pop,1980s,4
proud,1960s,4
purple,1960s,4
raise,1970s,4
ready,1960s,4
reelin,1950s,4
rolling,1960s,4
roof,1960s,4
round,1980s,4
sang,1970s,4
sea,1970s,4
seats,1980s,4
shoot,1960s,4
shoulder,1960s,4
something's,1960s,4
soul,1970s,4
south,1960s,4
space,1960s,4
speaking,1960s,4
stand,1960s,4
start,1960s,4
stole,1970s,4
stop,1970s,4
straight,1970s,4
sun,1960s,4
sunshine,1960s,4
talk,1960s,4
teach,1960s,4
tears,1960s,4
tellin,1960s,4
thinking,1950s,4
tight,1960s,4
told,1950s,4
touchdown,1970s,4
tramps,1970s,4
uh,1960s,4
understand,1960s,4
unknown,1960s,4
waiting,1970s,4
walking,1960s,4
wendy,1970s,4
whisper,1960s,4
whoo,1970s,4
wooh,1950s,4
worried,1970s,4
yeah,2000s,4
yesterday,1970s,4
ah,1950s,3
ahead,1950s,3
albino,1990s,3
anymore,1960s,3
arm,1980s,3
askin,1960s,3
bag,1960s,3
begin,1960s,3
belong,1960s,3
belonged,1980s,3
bow,1970s,3
boy,1980s,3
boys,1970s,3
bring,1980s,3
burnin,1960s,3
call,1960s,3
called,2000s,3
car,1960s,3
caress,1950s,3
children,1970s,3
church,1960s,3
city,1960s,3
climb,1960s,3
closer,1950s,3
coaster,1950s,3
confusion,1960s,3
constitution,1970s,3
contagious,1990s,3
cool,1980s,3
country,1950s,3
crazy,1960s,3
cry,1960s,3
cure,1970s,3
daddy,1960s,3
dangerous,1990s,3
de,1960s,3
decir,1980s,3
denyin,1970s,3
di,1970s,3
die,1980s,3
direction,1960s,3
doll,1980s,3
double,1980s,3
drowning,1970s,3
drunk,1980s,3
earth,1960s,3
embrace,1960s,3
emptiness,1950s,3
explode,1960s,3
eyes,1980s,3
fakin,1950s,3
fill,1970s,3
fine,1950s,3
fish,1970s,3
fool,1970s,3
force,1980s,3
ford,1950s,3
forget,1960s,3
forming,1970s,3
frío,1980s,3
funk,1980s,3
game,1960s,3
generate,1970s,3
gettin,1980s,3
glad,1950s,3
grin,1970s,3
growing,1970s,3
grows,1980s,3
guns,1960s,3
hah,1960s,3
half,1960s,3
happen,1960s,3
happenin,1960s,3
happening,1960s,3
happiness,1950s,3
havin,1950s,3
hear,1980s,3
heat,1970s,3
hi'e,1960s,3
highway,1980s,3
hold,1950s,3
holes,1960s,3
horn,1950s,3
hot,1980s,3
house,1950s,3
hurt,1960s,3
ice,1970s,3
job,1980s,3
john,1950s,3
jumpin,1960s,3
kiss,1950s,3
kiss,1960s,3
knees,1980s,3
knock,1980s,3
laa,1970s,3
laughing,1960s,3
laughing,1990s,3
lay,1980s,3
learnin,1960s,3
leave,1980s,3
leaves,1970s,3
libido,1990s,3
lights,1980s,3
lights,1990s,3
living,1960s,3
log,1960s,3
loneliness,1950s,3
losing,1970s,3
lost,1980s,3
louder,1980s,3
loved,1960s,3
loves,1980s,3
low,1960s,3
low,1970s,3
ma,1970s,3
magic,1960s,3
minds,1970s,3
mmm,1950s,3
money,1950s,3
money,1980s,3
morning,1970s,3
mosquito,1990s,3
movin,1980s,3
mulatto,1990s,3
news,1960s,3
nice,1980s,3
nothin,1960s,3
oo,1960s,3
pain,1960s,3
past,1960s,3
pay,1970s,3
pick,1970s,3
piling,1970s,3
play,1980s,3
pray,1970s,3
pray,1980s,3
pulsatin,1970s,3
race,1960s,3
read,1960s,3
real,1950s,3
red,1970s,3
remember,1980s,3
revolution,1970s,3
ring,1950s,3
river,1970s,3
roller,1950s,3
rolling,1970s,3
runnin,1960s,3
school,1980s,3
sea,1960s,3
seat,1970s,3
sensation,1960s,3
shimmies,1980s,3
shot,1980s,3
shoulder,1980s,3
sing,1990s,3
sit,1970s,3
sittin,1950s,3
smoke,1960s,3
song,1970s,3
sonic,1980s,3
spell,1960s,3
stars,1960s,3
stars,1970s,3
started,1960s,3
starts,1960s,3
steam,1970s,3
step,1960s,3
stone,1970s,3
street,1950s,3
strikes,1950s,3
stupid,1990s,3
summertime,1970s,3
surprise,1960s,3
sweet,1950s,3
talk,1970s,3
te,1960s,3
tease,1980s,3
ten,1950s,3
thin,1970s,3
thinking,1960s,3
throw,1960s,3
tienes,1980s,3
tight,1970s,3
til,1960s,3
tip,1970s,3
tonight,1970s,3
trouble,1980s,3
true,1970s,3
turnin,1960s,3
type,1960s,3
uncle,1950s,3
walkin,1960s,3
walls,1980s,3
war,1970s,3
warm,1960s,3
watchtower,1960s,3
wavin,1970s,3
wheat,1970s,3
wheel,1960s,3
wheelchair,1980s,3
wind,1960s,3
wind,1970s,3
word,1960s,3
word,1970s,3
worth,1960s,3
wrapped,1980s,3
yeah,1990s,3
zooming,1970s,3
2x,1970s,2
aaaalll,1960s,2
ad,1980s,2
adventure,1960s,2
affection,1960s,2
ah,1970s,2
ahhhhhhh,1960s,2
air,1960s,2
alright,1950s,2
anarchist,1970s,2
anna,1960s,2
anybody's,1960s,2
assured,1960s,2
aunt,1950s,2
awful,1960s,2
bad,1970s,2
bakin,1970s,2
bambaataa's,1980s,2
band,1970s,2
battle,1960s,2
beach,1970s,2
beating,2000s,2
bell,1950s,2
beneath,1960s,2
bet,1960s,2
beware,1960s,2
bigger,1980s,2
bigger,1990s,2
biggs,1980s,2
billy,1960s,2
bit,1970s,2
bleed,1980s,2
blow,1970s,2
blow,1980s,2
blowin,1960s,2
blue,1960s,2
blue,1980s,2
blush,1970s,2
bobby's,1970s,2
body,1970s,2
body,1990s,2
body's,1980s,2
boom,1950s,2
boot,1960s,2
bounce,1980s,2
bout,1950s,2
boy,1970s,2
brain,1960s,2
brain,1980s,2
brains,2000s,2
breezes,1970s,2
bring,1990s,2
broken,1950s,2
broken,1960s,2
build,1960s,2
bull,1950s,2
bumper,1950s,2
burn,1950s,2
car,1950s,2
car,1970s,2
carmen,1960s,2
cat,1950s,2
cat,1960s,2
catch,1960s,2
chance,1960s,2
chance,1970s,2
chase,1980s,2
chester,1960s,2
chew,1950s,2
chicken,1950s,2
chickens,2000s,2
child,1960s,2
children,1960s,2
chrysler,1980s,2
city,1970s,2
clam,1970s,2
clock,1980s,2
close,1960s,2
clothes,1980s,2
coast,1960s,2
cold,1970s,2
colored,1970s,2
comfort,1960s,2
comin,1960s,2
cool,1960s,2
corner,1950s,2
corner,1990s,2
cover,1970s,2
cranberry,1960s,2
cross,1950s,2
cross,1980s,2
crowd,1960s,2
crowded,1950s,2
crying,1960s,2
cut,1990s,2
dance,1980s,2
dancin,1980s,2
dancing,1960s,2
daughters,1960s,2
dawn,1960s,2
death,1970s,2
decision,1980s,2
deep,1960s,2
depending,1970s,2
destroy,1970s,2
diamond,1950s,2
diamond,1960s,2
dida,1970s,2
doble,1980s,2
doin,1950s,2
dontcha,1960s,2
don’t,1960s,2
door,1960s,2
doors,1960s,2
drawn,1960s,2
dream,1980s,2
dreaming,1970s,2
dreams,1960s,2
dreams,1970s,2
dreams,1980s,2
dried,1960s,2
drifting,1960s,2
drink,1950s,2
drive,1950s,2
drive,1960s,2
due,1960s,2
dust,1970s,2
ear,1970s,2
easy,1970s,2
elation,1960s,2
eleanor,1960s,2
eleven,1950s,2
eleven,1960s,2
em,1970s,2
england's,1970s,2
er,1960s,2
error,1970s,2
es,1980s,2
everyday,1960s,2
ey,1960s,2
eye,1970s,2
fallin,1960s,2
falling,1970s,2
falling,1980s,2
family,1970s,2
fantabulous,1970s,2
fate,1960s,2
father,1960s,2
feel,1970s,2
feelin,1960s,2
feels,1950s,2
fell,1960s,2
fell,1970s,2
fighter,1970s,2
final,1980s,2
fine,1960s,2
fine,1980s,2
fire,1980s,2
flat,1960s,2
flesh,2000s,2
flight,1970s,2
floor,1960s,2
fly,1980s,2
flyin,1970s,2
fog,1960s,2
folks,1950s,2
food,1990s,2
fool,1960s,2
fool,1990s,2
found,1950s,2
freedom's,1970s,2
friend,1970s,2
friends,1960s,2
frio,1980s,2
funeral,1960s,2
getaway,1980s,2
girl,1970s,2
gonna,1980s,2
gonna,2000s,2
gray,1960s,2
grip,1960s,2
groove,1980s,2
groovin,1980s,2
guitar,1950s,2
haber,1980s,2
hair,1980s,2
hall,1960s,2
hang,1960s,2
happened,1960s,2
hard,1980s,2
hard,1990s,2
headin,1980s,2
heard,1950s,2
hearted,1950s,2
hesitate,1960s,2
hey,1990s,2
hey,2000s,2
hide,1970s,2
highway,1960s,2
hill,1950s,2
history,1970s,2
hit,1970s,2
ho,1960s,2
holdin,1970s,2
holding,1960s,2
home,1950s,2
hooo,1960s,2
hop,1960s,2
hotel,1950s,2
house,1960s,2
huggin,1980s,2
human,1970s,2
hung,1970s,2
hush,1970s,2
hustle,1970s,2
hypnotizing,2000s,2
i's,1970s,2
illusion,1960s,2
insane,1980s,2
inside,1970s,2
instrumental,1960s,2
it’s,1960s,2
job,1970s,2
joe,1970s,2
johnny,2000s,2
joke,1960s,2
joker,1960s,2
joo,1960s,2
jukebox,1980s,2
kick,1960s,2
kissin,1980s,2
knee,1960s,2
knees,1960s,2
knock,1950s,2
l.a,1960s,2
ladida,1970s,2
ladies,1980s,2
late,1970s,2
laying,1970s,2
lead,1950s,2
lead,1980s,2
leave,1970s,2
leaving,1970s,2
lee,1960s,2
legs,1970s,2
liar,1960s,2
lib,1980s,2
light,1990s,2
light's,1960s,2
lights,1950s,2
lights,1960s,2
likes,1960s,2
liquor,1950s,2
live,1960s,2
lives,1980s,2
livin,1980s,2
loco,1980s,2
lookin,1970s,2
lookin,1980s,2
lose,1970s,2
losing,1990s,2
lot,1960s,2
lotion,2000s,2
lots,1970s,2
love's,1950s,2
lover,1950s,2
lovers,1950s,2
lovers,1960s,2
lovin,1950s,2
lovin,1980s,2
luke,1960s,2
machine,2000s,2
mama,1970s,2
marvelous,1970s,2
mary,1950s,2
matter,1960s,2
mckenzie,1960s,2
meet,1960s,2
memory,1960s,2
midnight,1960s,2
million,2000s,2
mine,1970s,2
mire,1960s,2
miss,1970s,2
mister,1960s,2
mm,1980s,2
moan,1960s,2
moment,1980s,2
money,1970s,2
mother,1960s,2
mother,1980s,2
motor,1950s,2
motor,1960s,2
move,1980s,2
naaa,1960s,2
nails,1950s,2
nature's,1960s,2
neath,1970s,2
nervous,1950s,2
night,1980s,2
night's,1970s,2
nights,1980s,2
nix,1950s,2
nobody's,1960s,2
norwegian,1960s,2
notice,1960s,2
noticed,1960s,2
nuclear,1970s,2
numb,1960s,2
october,1970s,2
ohh,1960s,2
one's,1990s,2
parade,1960s,2
party,1980s,2
peace,1960s,2
peaceful,1960s,2
peligro,1980s,2
people,1950s,2
pitched,1970s,2
plane,1980s,2
plays,1960s,2
poppa,1950s,2
pounce,1980s,2
pow,1980s,2
pray,1960s,2
precious,1960s,2
pretend,1960s,2
pretty,1980s,2
prizes,2000s,2
promise,1960s,2
puppy,1980s,2
pyre,1960s,2
quedo,1980s,2
rag,1980s,2
rain,1950s,2
rain,1960s,2
rain,1980s,2
rapidly,1960s,2
rare,1950s,2
ready,1950s,2
ready,1970s,2
reason,1960s,2
red,1950s,2
refuse,1960s,2
religion,1990s,2
reminds,1980s,2
rest,1970s,2
revealin,1950s,2
revved,1970s,2
rhythm,1950s,2
ride,1960s,2
rigby,1960s,2
rockin,1980s,2
roller,1960s,2
romance,1950s,2
run,1980s,2
running,1980s,2
sack,1950s,2
safe,1960s,2
sail,1960s,2
sally,1950s,2
sand,1960s,2
sauce,1960s,2
saves,1970s,2
saxophone,1950s,2
sayin,1990s,2
scared,1970s,2
school,1970s,2
seas,1960s,2
seldom,1970s,2
sense,1980s,2
senses,1960s,2
september,1970s,2
set,1990s,2
shadow,1960s,2
shake,1960s,2
shake,1980s,2
shame,1970s,2
shame,1980s,2
shifty,1950s,2
shine,1960s,2
shine,1970s,2
shinin,1960s,2
shoot,1970s,2
shot,1950s,2
shou,1960s,2
sign,1980s,2
sing,1960s,2
singing,1960s,2
sitting,1950s,2
skies,1970s,2
skin,1960s,2
skipping,1960s,2
sky,1980s,2
slander,1950s,2
slaving,1960s,2
slow,1960s,2
smile,1960s,2
socialize,1980s,2
someday,1950s,2
soul,1960s,2
sound,1970s,2
space,1970s,2
speeds,1980s,2
spoke,1960s,2
spot,1990s,2
standing,1960s,2
steal,1950s,2
steal,1970s,2
stop,1950s,2
stream,1970s,2
strings,1970s,2
strip,2000s,2
stripped,1960s,2
stronger,1950s,2
stronger,1980s,2
suddenly,1960s,2
sugar,1970s,2
suicide,1970s,2
summer,1970s,2
sunlight,1960s,2
supposed,1980s,2
sway,1980s,2
swirlin,1960s,2
takes,1980s,2
talking,1970s,2
taste,1980s,2
tear,1960s,2
tease,2000s,2
telling,1960s,2
tells,1980s,2
ten,1960s,2
thief,1960s,2
thousand,1960s,2
thumbs,1950s,2
tickin,1980s,2
till,1950s,2
till,1970s,2
time,1990s,2
tockin,1980s,2
toes,1960s,2
toes,1980s,2
tonight,1980s,2
top,1960s,2
touch,1960s,2
town,1970s,2
trade,1970s,2
trap,1970s,2
tree,1960s,2
trees,1970s,2
trip,1960s,2
trouble,1960s,2
truth,1970s,2
tryin,1970s,2
twelve,1950s,2
twelve,1960s,2
twiddle,1950s,2
twist,1980s,2
untrue,1960s,2
va,1980s,2
voy,1980s,2
wait,1970s,2
waiting,1980s,2
waits,1960s,2
walk,1950s,2
wallow,1960s,2
wanderin,1960s,2
warden,1950s,2
warm,1980s,2
watch,1950s,2
watch,1970s,2
wear,1960s,2
whale,1980s,2
where'd,2000s,2
whisper,1970s,2
whoo,1960s,2
wife,1970s,2
wine,1960s,2
wished,1970s,2
woo,1960s,2
wood,1960s,2
wooden,1950s,2
words,1980s,2
world,1950s,2
worry,1960s,2
worth,2000s,2
wow,1960s,2
wow,1980s,2
wrong,1950s,2
wrong,1970s,2
y'll,1980s,2
ya,2000s,2
yay,1990s,2
yeh,1980s,2
yo,1990s,2
yoh,1970s,2
york,1970s,2
you’re,1960s,2
15,1980s,1
4x,1970s,1
9,1970s,1
a.m,1970s,1
aaaaaaaalllllright,1960s,1
aaaaaaallllllright,1960s,1
aah,1960s,1
abusin,1980s,1
accept,1960s,1
actin,1960s,1
admit,1950s,1
admit,1960s,1
admit,1980s,1
affection,1980s,1
aging,1960s,1
agree,1960s,1
aground,1990s,1
ahh,1980s,1
aimed,1960s,1
air,1970s,1
air,1980s,1
airport,1980s,1
ait,1960s,1
albert,1960s,1
alerted,1960s,1
alibis,1960s,1
alike,1970s,1
alive,1970s,1
alley,1950s,1
amazes,1960s,1
american,1970s,1
amused,1960s,1
amused,1970s,1
amusement,1970s,1
ancient,1960s,1
angels,1980s,1
anger,1970s,1
answer,1970s,1
antichrist,1970s,1
apollo,1970s,1
apologize,1960s,1
approaching,1960s,1
arm,1960s,1
arms,1970s,1
army,1960s,1
assured,1990s,1
atlanta,1980s,1
avenue,1970s,1
aware,1970s,1
awoke,1960s,1
awww,1960s,1
ay,1960s,1
bab,1960s,1
babe,1950s,1
babies,1990s,1
backdoor,1960s,1
backroom,1970s,1
backwards,1990s,1
backyard,1960s,1
bag,1990s,1
bags,1970s,1
bald,1950s,1
ball,1960s,1
bam,1950s,1
ban,1990s,1
band,1980s,1
bandana,1970s,1
bang,1950s,1
banners,1970s,1
bar,1980s,1
barefoot,1960s,1
barely,1980s,1
barrel,1990s,1
bash,1970s,1
bath,1960s,1
baton,1970s,1
battle,1970s,1
beach,1960s,1
bearded,1960s,1
beards,1970s,1
beat,1950s,1
beat,1960s,1
beatin,1980s,1
beatlemania,1970s,1
beauty,1950s,1
bed,1970s,1
beef,1990s,1
beefcake,1990s,1
beg,1970s,1
bein,1960s,1
belive,1960s,1
beneath,1950s,1
beneath,1970s,1
bet,1980s,1
biding,1960s,1
bikini,1960s,1
bikini,1970s,1
bikinis,1970s,1
bills,1970s,1
bills,1980s,1
bird,1960s,1
bit,1950s,1
bit,1980s,1
bitten,1970s,1
black,1950s,1
blackburn,1960s,1
blasts,1980s,1
bled,1960s,1
bleeding,1970s,1
blessed,1990s,1
blew,1960s,1
blind,1960s,1
blind,1970s,1
blinded,1990s,1
blindly,1960s,1
block,1960s,1
blossom,1960s,1
blow,1960s,1
blowin,1950s,1
blowing,1950s,1
blue,1970s,1
blues,1950s,1
bluest,1980s,1
bold,1970s,1
boldly,1950s,1
bolt,1980s,1
bomb,1970s,1
bonds,1980s,1
bone,1960s,1
bones,1970s,1
boogie,1980s,1
book,1960s,1
books,1970s,1
bops,1950s,1
border,1980s,1
bored,1990s,1
born,1980s,1
borrow,1970s,1
bother,1960s,1
bottle,1980s,1
bottom,1960s,1
bought,1960s,1
boulevard,1970s,1
bound,1960s,1
boxer,1970s,1
boyfriends,1960s,1
boys,1980s,1
bozo,1990s,1
brain,1950s,1
branded,1960s,1
bread,1960s,1
break,1950s,1
break,1960s,1
break,1970s,1
break,1980s,1
breakin,1960s,1
breath,1970s,1
breathe,1990s,1
breathing,1980s,1
brew,1950s,1
bright,1950s,1
bright,1980s,1
broke,1950s,1
broke,1970s,1
broke,1980s,1
broken,1970s,1
brother,1970s,1
brother's,1980s,1
brought,1990s,1
brown,1970s,1
bubble,1970s,1
buckshot,1990s,1
buddy,1950s,1
bugging,1980s,1
bugs,1950s,1
bugsy,1950s,1
built,1950s,1
bullet,1980s,1
bums,1960s,1
buried,1960s,1
burned,1980s,1
burnin,1990s,1
burning,1980s,1
burns,1970s,1
bus,1960s,1
business,1960s,1
businessmen,1960s,1
busted,1970s,1
butane,1990s,1
butter,1970s,1
buy,1950s,1
buy,1960s,1
buy,1980s,1
buy,2000s,1
bye,1970s,1
cabin,1950s,1
cadillac,1980s,1
cages,1970s,1
california,1970s,1
calls,1960s,1
candy,1970s,1
cannon,1960s,1
cannon,1970s,1
car,1990s,1
carat,1950s,1
care,1950s,1
care,1980s,1
cares,1960s,1
caress,1970s,1
carried,1960s,1
carried,1980s,1
carries,1970s,1
carry,1950s,1
carry,1960s,1
carrying,1960s,1
cash,1990s,1
cat,1970s,1
cat's,1980s,1
catch,1980s,1
caught,1970s,1
century,1980s,1
century,1990s,1
chains,1980s,1
chair,1950s,1
chair,1960s,1
chamber,1990s,1
chance,1950s,1
chance,1980s,1
change,1950s,1
change,1980s,1
change,1990s,1
changed,1950s,1
changed,1970s,1
chased,1970s,1
chasing,1960s,1
chasing,1970s,1
checkout,1980s,1
cheeze,1990s,1
cherish,1960s,1
chest,1960s,1
chi,1980s,1
chief,1970s,1
childhood,1980s,1
children,1980s,1
chimes,1950s,1
chimpanzees,1990s,1
chokin,1990s,1
choosing,1990s,1
chorus,1980s,1
chorus,1990s,1
chrome,1960s,1
chrome,1970s,1
cigarettes,1980s,1
circled,1960s,1
circus,1960s,1
city's,1970s,1
claims,1950s,1
clappin,1970s,1
class,1970s,1
cleaned,1960s,1
clearing,1970s,1
clerk's,1950s,1
climbed,1980s,1
clockin,1980s,1
close,1950s,1
close,1980s,1
closed,1960s,1
closer,1960s,1
closest,1960s,1
clothes,1960s,1
clothes,1970s,1
cloudy,1950s,1
cloudy,1960s,1
clowns,1960s,1
coal,1970s,1
coaster,1960s,1
coat,1960s,1
coax,1970s,1
coca,1960s,1
cocaine,1990s,1
cola,1960s,1
cold,1980s,1
colder,1960s,1
colder,1980s,1
collect,1970s,1
colored,1980s,1
colorful,1960s,1
colours,1980s,1
comb,1960s,1
comb,1970s,1
comfort,1970s,1
comin,1950s,1
coming,1950s,1
command,1960s,1
company,1950s,1
company,1960s,1
company,1970s,1
compares,1960s,1
complain,1990s,1
complainin,1960s,1
completely,1960s,1
compromise,1960s,1
conceal,1960s,1
confessions,1990s,1
confused,1960s,1
confusion,1980s,1
congo,1950s,1
congressman,1970s,1
congressmen,1960s,1
consolation,1970s,1
constantly,1960s,1
consultations,1970s,1
control,1990s,1
controlled,1960s,1
convenience,1980s,1
cool,1950s,1
cooled,1950s,1
couches,1990s,1
council,1970s,1
count,1960s,1
countin,1950s,1
country,1970s,1
county,1950s,1
coup,1950s,1
couple,1990s,1
cracker,1960s,1
crap,1990s,1
crash,1950s,1
crash,1970s,1
crawl,1960s,1
crawled,1960s,1
crawled,1980s,1
crazy,1990s,1
creates,1980s,1
creep,1960s,1
cried,1970s,1
crimes,1970s,1
criticize,1960s,1
critics,1960s,1
cross,1960s,1
cross,1970s,1
crowds,1960s,1
crowned,1960s,1
cruel,1980s,1
cruise,1990s,1
cruising,1980s,1
crumbling,1960s,1
crumbs,1960s,1
crust,1960s,1
cry,1990s,1
cue,1970s,1
cup,1950s,1
cup,1960s,1
cupboard,1970s,1
cupid,1950s,1
curse,1960s,1
cut,1970s,1
cute,1960s,1
cutest,1950s,1
cutest,1960s,1
cuz,1970s,1
daada,1970s,1
dab,1960s,1
dad,1950s,1
dadada,1970s,1
daddy,1950s,1
daddy,1970s,1
daddy's,1970s,1
dah,1960s,1
dance,1960s,1
dance,1970s,1
dancin,1950s,1
dark,1990s,1
darkness,1960s,1
darlin,1970s,1
darling,1980s,1
darn,1950s,1
darning,1960s,1
dart,1950s,1
date,1970s,1
days,1980s,1
daytime,1990s,1
de,1950s,1
dead,1970s,1
dead,1980s,1
deal,1960s,1
deal,1980s,1
dealing,1970s,1
dean,1970s,1
dear,1960s,1
dear,1970s,1
debo,1980s,1
debt,1970s,1
decide,1970s,1
declare,1970s,1
declared,1970s,1
deep,1950s,1
deep,1970s,1
deeper,1980s,1
delighted,1950s,1
departed,1960s,1
depend,1960s,1
desert,1970s,1
desire,1960s,1
desire,1980s,1
desk,1950s,1
deutsch,1990s,1
devil,1960s,1
devil,1980s,1
dial,1970s,1
dice,1970s,1
die,1970s,1
died,1960s,1
diesel,1970s,1
dig,1950s,1
diga,1980s,1
dime,1960s,1
diplomat,1960s,1
direction,1980s,1
dirt,1960s,1
dirty,1960s,1
dirty,1970s,1
dirty,1980s,1
dirty,1990s,1
disagree,1960s,1
disappearing,1960s,1
disappointment,1960s,1
disco,1980s,1
discover,1960s,1
disease,1960s,1
disregards,1970s,1
distance,1960s,1
distance,1990s,1
diverted,1960s,1
dock,1970s,1
dog,1970s,1
dog,1990s,1
dog's,1970s,1
doin,1980s,1
doll,1960s,1
dollar,1970s,1
dollar,1980s,1
dolls,1960s,1
dolphins,1970s,1
door,1970s,1
doorway,1960s,1
double,1990s,1
dovin,1950s,1
downhearted,1960s,1
downstairs,1960s,1
downtown,1960s,1
dragged,1960s,1
drank,1960s,1
draw,1970s,1
dreaming,1960s,1
drenched,1960s,1
dress,1950s,1
dressed,1950s,1
dressed,1960s,1
drift,1960s,1
drink,1960s,1
drinkin,1950s,1
drinkin,1960s,1
drinking,1960s,1
drinking,1970s,1
drinking,1980s,1
drive,1970s,1
drive,1980s,1
drive,1990s,1
drive,2000s,1
driven,1960s,1
driver,1970s,1
driver,1990s,1
drivers,1950s,1
drivin,1960s,1
drivin,1980s,1
drones,1970s,1
droolin,1960s,1
drop,1970s,1
drops,1960s,1
drowned,1960s,1
drummer,1950s,1
dry,1960s,1
ducked,1950s,1
dustbin,1970s,1
dwell,1950s,1
earn,1970s,1
earth,1950s,1
earth,1970s,1
earth,1980s,1
ease,1960s,1
east,1950s,1
east,1960s,1
easy,1950s,1
eat,1970s,1
eee,1960s,1
eeel,1960s,1
ego,1980s,1
eh,1960s,1
elders,1970s,1
em,1950s,1
em,1960s,1
emphasize,1980s,1
empire,1960s,1
empty,1960s,1
engineer,1950s,1
english,1960s,1
enjoy,1960s,1
entertain,1980s,1
escaping,1960s,1
esta,1980s,1
ev'ry,1960s,1
evening,1960s,1
evening's,1960s,1
everbody's,1960s,1
evergreens,1950s,1
everlasting,1970s,1
everybody's,1960s,1
everything's,1950s,1
everything's,1970s,1
evil,1990s,1
exchanging,1960s,1
excited,1960s,1
expected,1970s,1
eye,1990s,1
eyeball,1960s,1
eyeballs,1990s,1
eyebrows,1970s,1
eyes,1990s,1
facing,1960s,1
faded,1970s,1
faded,1980s,1
fadin,1960s,1
failed,1990s,1
fair,1960s,1
fairy,1970s,1
faithful,1980s,1
faker,1970s,1
fall,1960s,1
fallin,1990s,1
falling,1960s,1
falsely,1960s,1
fans,1970s,1
fantasies,1990s,1
farmers,1960s,1
fascinating,1970s,1
fascination,1970s,1
fascist,1970s,1
fast,1950s,1
fast,1960s,1
fast,1970s,1
father,1970s,1
father,1980s,1
fathers,1960s,1
favor,1960s,1
favorite,1980s,1
feed,1960s,1
feels,1960s,1
feels,1970s,1
feet,1950s,1
feet,1970s,1
feet,1980s,1
fell,1980s,1
females,1980s,1
fences,1960s,1
field,1960s,1
field,1980s,1
fields,1980s,1
fighting,1970s,1
figurehead,1970s,1
fill,1960s,1
filled,1960s,1
film,1960s,1
film,2000s,1
filter,1960s,1
finally,1960s,1
finally,1970s,1
finally,1980s,1
fine,1970s,1
finest,1960s,1
finger,1960s,1
finger,1980s,1
finished,1960s,1
fire,1970s,1
fists,1960s,1
fit,1980s,1
fix,1960s,1
fla,1970s,1
flack,1980s,1
flag,1970s,1
flag,1990s,1
flailing,1990s,1
flamin,1990s,1
flash,1980s,1
flat,1970s,1
flew,1970s,1
flexin,1970s,1
flippers,1970s,1
flippin,1970s,1
flo,1960s,1
float,1970s,1
floats,1970s,1
floor,1980s,1
floors,1980s,1
flower,1980s,1
flowers,1970s,1
flowin,1950s,1
flown,1960s,1
flown,1970s,1
flows,1980s,1
fluff,1960s,1
fly,1990s,1
flyin,1950s,1
foggy,1960s,1
fold,1970s,1
folks,1980s,1
folksinger,1990s,1
food,1970s,1
fool,1980s,1
foolin,1960s,1
foolish,1970s,1
fools,1960s,1
fools,1980s,1
football,1960s,1
forces,1990s,1
forevermore,1960s,1
forget,1950s,1
forget,1970s,1
forget,1980s,1
forget,1990s,1
forty,1950s,1
found,1990s,1
fourteen,1980s,1
free,1950s,1
free,1970s,1
french,1960s,1
fresh,1960s,1
fresh,1980s,1
friends,1980s,1
friends,1990s,1
frightened,1960s,1
front,1960s,1
front,1970s,1
front,1980s,1
frowned,1960s,1
frowning,1960s,1
frowns,1960s,1
frozen,1960s,1
frugin,1970s,1
fruit,1950s,1
fruitjar,1950s,1
fuel,1970s,1
fun,1960s,1
fun,1970s,1
fun,1990s,1
funny,1950s,1
funny,1960s,1
fuss,1970s,1
future,1950s,1
game,1980s,1
gang,1950s,1
gang,1980s,1
gas,1990s,1
gather,1960s,1
gathered,1960s,1
gentle,1960s,1
gentle,1970s,1
gentleman,1960s,1
giant,1970s,1
gift,1990s,1
gifts,1960s,1
gimmick,2000s,1
girls,1980s,1
giving,1970s,1
giving,1980s,1
glad,1980s,1
glide,1980s,1
glimpse,1970s,1
globe,1980s,1
gloom,1950s,1
glory,1970s,1
glove,1970s,1
goin,1970s,1
golden,1950s,1
gonna,1990s,1
goodbye,1960s,1
government,2000s,1
grabbed,1960s,1
grabbed,1970s,1
grace,1970s,1
grade,1960s,1
grass,1960s,1
grave,1960s,1
grave,1970s,1
green,1960s,1
grinned,1960s,1
gritty,1980s,1
groove,1960s,1
groovin,1960s,1
ground,1970s,1
ground,1980s,1
grow,1970s,1
growl,1960s,1
grown,1970s,1
grown,1980s,1
gto,2000s,1
guard,1970s,1
guess,1970s,1
guess,1990s,1
guiding,1970s,1
guitar,1990s,1
gumboot,1960s,1
gunny,1950s,1
guns,1990s,1
guys,1960s,1
ha,1950s,1
hag,1960s,1
hahhh,1960s,1
hail,1970s,1
hair,1970s,1
half,1950s,1
half,1970s,1
hammerin,1960s,1
hand,1980s,1
hands,1970s,1
hang,1980s,1
hangin,1960s,1
hangin,1990s,1
hanging,1960s,1
hanging,1980s,1
hangman,1960s,1
happen,1970s,1
happy,1950s,1
happy,1980s,1
hard,1970s,1
harpoon,1970s,1
hat,1960s,1
hate,1980s,1
hate,1990s,1
haunted,1960s,1
havin,1970s,1
hawaiian,1960s,1
haystack,1980s,1
headed,1950s,1
headed,1980s,1
heading,1980s,1
headlights,1990s,1
healing,1980s,1
hear,1970s,1
hears,1960s,1
hears,1970s,1
hearse,1980s,1
heartbreaker,1960s,1
hearted,1960s,1
hearts,1960s,1
heat,1950s,1
heat,1960s,1
heaven,1950s,1
heaven,1980s,1
heaven's,1950s,1
heavy,1960s,1
heed,1960s,1
heed,1970s,1
heey,1960s,1
heh,1960s,1
held,1980s,1
hell,1970s,1
helped,1970s,1
helpin,1970s,1
hemi,1970s,1
henry,1950s,1
heroes,1970s,1
hide,1980s,1
hiding,1960s,1
hiding,1970s,1
highway,1950s,1
highway,1970s,1
highway's,1970s,1
hiked,1970s,1
hint,1990s,1
hip,1960s,1
hitch,1970s,1
hitched,1960s,1
hmm,1950s,1
holding,1970s,1
holler,1970s,1
hollow,1960s,1
holly,1970s,1
holy,1960s,1
hon,1950s,1
honey,1980s,1
hoo,1950s,1
hoo,1960s,1
hood,1950s,1
hooray,1960s,1
hoos,1970s,1
hop,1980s,1
hop's,1950s,1
hope,1970s,1
hope,1980s,1
hoped,1980s,1
horse,1960s,1
horses,1970s,1
hose,1970s,1
hot,1950s,1
hour,1960s,1
hour,1970s,1
hour,1990s,1
hour's,1960s,1
house,1970s,1
howl,1960s,1
howled,1960s,1
huddled,1970s,1
hug'em,1960s,1
hugs,1950s,1
huh,1950s,1
huh,1970s,1
hump,1980s,1
hundred,1950s,1
hung,1990s,1
hurricane,1950s,1
hurricane,1960s,1
hurt,1990s,1
hurting,1960s,1
hurting,2000s,1
hurts,1970s,1
hustling,1960s,1
hypnotized,1970s,1
i'ma,1950s,1
ich,1980s,1
ight,1960s,1
illinois,1950s,1
imagination,1980s,1
imitation,1970s,1
immune,1970s,1
impermanence,1970s,1
improv,1970s,1
inch,1960s,1
indecision's,1980s,1
indecisión,1980s,1
indepen,1960s,1
independence,1960s,1
information,1980s,1
inherit,1970s,1
injected,1970s,1
insane,1950s,1
insane,1960s,1
insane,1970s,1
insane,1990s,1
insecure,1960s,1
inside,1980s,1
interlude,1980s,1
inverted,1960s,1
invisible,1960s,1
ir,1980s,1
ira,1970s,1
iron,1960s,1
island,1960s,1
island,1970s,1
itching,2000s,1
jack,1970s,1
jackie,1970s,1
jail,1950s,1
jailbird,1950s,1
jailbirds,1950s,1
jam,1960s,1
jam,1970s,1
jam,1980s,1
jamaican,1960s,1
jamboree,1950s,1
james,1970s,1
jammed,1970s,1
janie,1960s,1
jar,1950s,1
jar,1960s,1
jazz,1950s,1
jeans,1950s,1
jeans,1970s,1
jelly,1970s,1
jest,1970s,1
job,1960s,1
job,1990s,1
jobs,1980s,1
joe,1950s,1
join,1950s,1
joint,1950s,1
jokes,1970s,1
jubilee,1950s,1
judgment,1960s,1
judgment,1970s,1
jugglers,1960s,1
juiced,1960s,1
jumpin,1950s,1
june,1970s,1
junkie,1990s,1
jus,1980s,1
kashmir,1970s,1
kentucky,1970s,1
kick,1950s,1
kick,1970s,1
kicks,1950s,1
kicks,1960s,1
kiddin,1960s,1
kids,1980s,1
kinda,1950s,1
kindly,1960s,1
kinds,1960s,1
kinds,1970s,1
kingdom,1980s,1
kiss,1970s,1
kiss'em,1960s,1
kissed,1960s,1
kissed,1980s,1
kisses,1950s,1
kite,1970s,1
knees,1990s,1
knock,1960s,1
knocked,1950s,1
knocking,1960s,1
knocks,1960s,1
knowing,1960s,1
ladies,1960s,1
lancashire,1960s,1
land,1960s,1
land,1970s,1
land,1980s,1
language,1960s,1
lasting,1960s,1
late,1980s,1
laughed,1950s,1
laughed,1970s,1
law,1970s,1
lay,1960s,1
leader,1950s,1
leading,1970s,1
learned,1950s,1
learning,1960s,1
leaves,1950s,1
left,1950s,1
left,1980s,1
legs,1980s,1
lend,1960s,1
lend,1970s,1
lengths,1990s,1
lettin,1960s,1
level,1960s,1
li,1970s,1
liberated,1970s,1
lick,1970s,1
lied,1960s,1
lies,1960s,1
lies,1970s,1
life,1970s,1
life,1990s,1
lifeguard,1970s,1
lift,1960s,1
lifted,1960s,1
lifts,1960s,1
lightnin,1960s,1
lilting,1970s,1
lines,1960s,1
linin,1980s,1
lips,1980s,1
listen,1960s,1
lit,1960s,1
lived,1950s,1
lives,1960s,1
living,1970s,1
load,1990s,1
loan,2000s,1
lob,1970s,1
lobe,1970s,1
log,1950s,1
lololo,1970s,1
loner,1960s,1
lonesome,1970s,1
looked,1960s,1
looked,1970s,1
lookin,1950s,1
loose,1980s,1
loosened,1980s,1
lord,1980s,1
lords,1960s,1
lose,1980s,1
lose,1990s,1
loser,1960s,1
losin,1960s,1
losin,1980s,1
lost,1970s,1
lost,1990s,1
lot,1950s,1
loud,1960s,1
louisiana,1950s,1
love'em,1960s,1
love's,1970s,1
loved,1950s,1
loved,1980s,1
lovely,1960s,1
lovemaker,1960s,1
loves,1950s,1
loveseat,1990s,1
loving,1960s,1
loving,1970s,1
low,1950s,1
low,1980s,1
luck,1980s,1
lucky,1960s,1
luke's,1960s,1
lyin,1960s,1
líbrame,1980s,1
mace,1990s,1
machine,1970s,1
machines,1970s,1
mad,1950s,1
mad,1970s,1
madly,1960s,1
madness,1970s,1
maggot,1990s,1
magic,1980s,1
makes,1980s,1
makes,1990s,1
makin,1960s,1
makin,1980s,1
males,1980s,1
mama,1950s,1
mama,1960s,1
mama,1980s,1
mambo,1950s,1
man's,1980s,1
managed,1980s,1
mandolins,1970s,1
mansions,1970s,1
manta,1970s,1
market,1980s,1
mars,1970s,1
master,1980s,1
matching,1970s,1
mattress,1980s,1
me'd,1980s,1
meal,1960s,1
meaning,1960s,1
means,1960s,1
means,1980s,1
meant,1980s,1
measured,1960s,1
meet,1970s,1
meets,1960s,1
melody,1950s,1
melody,1980s,1
meltdown,1970s,1
memories,1960s,1
memories,1980s,1
memphis,1960s,1
mercy,1960s,1
mercy,1970s,1
mermaids,1970s,1
mermen,1970s,1
message,1980s,1
metal,1960s,1
mexico,1960s,1
miami,1970s,1
middle,1960s,1
middle,1980s,1
midwest,1960s,1
mile,1950s,1
miles,1950s,1
miles,1980s,1
military,1970s,1
million,1960s,1
million,1970s,1
millionaire's,1970s,1
mind,1950s,1
mind,1990s,1
mines,1970s,1
mirrors,1970s,1
misery,1950s,1
misery,1960s,1
mississippi,1980s,1
mist,1970s,1
mistake,1960s,1
misty,1960s,1
misunderstanding,1960s,1
misusin,1960s,1
mm,1960s,1
mmmm,1960s,1
modern,1950s,1
mojo,1960s,1
molesta,1980s,1
moment's,1960s,1
moments,1960s,1
monkey,1990s,1
mood,1950s,1
moon,1960s,1
moon,1970s,1
morals,1970s,1
mornin,1950s,1
moron,1970s,1
moses,1960s,1
mother,1950s,1
mother,1970s,1
mothers,1960s,1
motion,1970s,1
motivates,1980s,1
motivatin,1950s,1
mountains,1980s,1
move,1960s,1
move,1970s,1
moved,1950s,1
movement,1960s,1
movin,1970s,1
moving,1980s,1
mpla,1970s,1
muddy,1960s,1
mumbles,1970s,1
murphy,1950s,1
muscles,1970s,1
music,1960s,1
music,1990s,1
music's,1980s,1
mystery,1960s,1
name'll,1950s,1
namin,1960s,1
nanalalal,1960s,1
nanananana,1960s,1
nanananananana,1960s,1
napoleon,1960s,1
narwhal,1970s,1
nation,1980s,1
nations,1970s,1
nature's,1980s,1
nazareth,1960s,1
neck,1990s,1
necks,1970s,1
needle,1980s,1
nerves,1950s,1
neutral,1990s,1
nightmare,1990s,1
nights,1960s,1
nineteen,1950s,1
ninety,1950s,1
nme,1970s,1
nobody's,1970s,1
nobody's,1980s,1
nodding,1970s,1
noise,1960s,1
nooo,1960s,1
noooo,1970s,1
noose,1980s,1
northern,1960s,1
nose,1990s,1
noseguard,1970s,1
nothin,1980s,1
now's,1950s,1
occupy,1960s,1
ocean,1970s,1
offers,1970s,1
ol,1950s,1
ol,1960s,1
one's,1950s,1
ono,1960s,1
oooh,1960s,1
ooooh,1960s,1
ooooo,1960s,1
oooooooow,1960s,1
orleans,1950s,1
orleans,1960s,1
orleans,1970s,1
other's,1960s,1
other's,1990s,1
ounce,1980s,1
outrun,1950s,1
outta,1960s,1
ove,1960s,1
oven,1980s,1
overcome,1960s,1
overnight,1970s,1
owned,1980s,1
pace,1970s,1
pacify,1960s,1
pack,1980s,1
packed,1970s,1
packing,1970s,1
paid,1970s,1
pain,1970s,1
pain,1980s,1
painful,1960s,1
paint,1990s,1
palace,1970s,1
palm,1960s,1
pantyhose,1990s,1
papers,1970s,1
parade,1970s,1
paradise,1960s,1
paranoia,1960s,1
pardon,1950s,1
pardon,1960s,1
parents,1980s,1
park,1970s,1
park,1990s,1
parking,1990s,1
partner,1950s,1
party,1950s,1
party,1970s,1
pass,1970s,1
pass,1980s,1
passed,1960s,1
passer,1970s,1
passin,1950s,1
passing,1950s,1
passing,1960s,1
past,1950s,1
past,1980s,1
path,1970s,1
patience's,1980s,1
pawn,1960s,1
pay,1960s,1
pays,1980s,1
pen,1960s,1
penny,1980s,1
people,1970s,1
perform,1960s,1
perfume,1960s,1
perverted,1960s,1
pet,1980s,1
phoney,1990s,1
phony,1970s,1
photograph,1960s,1
piano,1950s,1
picked,1960s,1
picks,1960s,1
piece,1980s,1
piece,1990s,1
pierce,1990s,1
pigeon,1990s,1
pilot,1970s,1
piranha,1970s,1
pissed,1970s,1
plan,1960s,1
plan,1980s,1
plans,1960s,1
plans,1980s,1
plastic,1990s,1
plates,1960s,1
played,1950s,1
playin,1950s,1
playin,1970s,1
playing,1960s,1
playing,1970s,1
plays,1970s,1
plays,1980s,1
pleasin,1960s,1
pleasure,1960s,1
plowmen,1960s,1
plucked,1970s,1
plum,1970s,1
pocketful,1970s,1
poison,1970s,1
pole,1990s,1
pollution,1980s,1
poof,1980s,1
pool,1970s,1
poor,1970s,1
poorer,1970s,1
porch,1980s,1
potatoes,1970s,1
potential,1970s,1
power,1970s,1
power,1980s,1
powered,1970s,1
pre,1970s,1
preacher,1950s,1
preacher's,1960s,1
preachin,1970s,1
pretend,1990s,1
pretty,1970s,1
pride,1960s,1
pride,1970s,1
prime,1960s,1
princes,1960s,1
princess,1960s,1
prison,1950s,1
production,1960s,1
promises,1970s,1
promoted,1980s,1
proof,1960s,1
propers,1960s,1
prophesize,1960s,1
prove,1980s,1
provision,1970s,1
pulled,1950s,1
pulled,1960s,1
pulled,1970s,1
pumped,1960s,1
purple,1950s,1
push,1980s,1
quarters,1970s,1
queda,1980s,1
quedarme,1980s,1
queen,1950s,1
queen,1960s,1
quench,1960s,1
quieres,1980s,1
quiet,1970s,1
quietly,1980s,1
quit,1970s,1
quit,1980s,1
quote,1970s,1
race,1970s,1
racin,1960s,1
rack,1960s,1
radio,1960s,1
radio,1980s,1
ragged,1960s,1
ragged,1970s,1
ragin,1960s,1
rags,1950s,1
rags,1960s,1
railroad,1950s,1
railway,1970s,1
rainbow's,1960s,1
rained,1970s,1
rains,1960s,1
raised,1960s,1
rap,1970s,1
rap,1980s,1
rat,1960s,1
rate,1980s,1
rattle,1950s,1
rattle,1960s,1
ray,1960s,1
ray,1970s,1
reached,1970s,1
reaching,1970s,1
reaction,1980s,1
read,1950s,1
ready,1980s,1
real,1970s,1
realize,1960s,1
rear,1970s,1
reason,1950s,1
recall,1960s,1
reels,1960s,1
refrain,1960s,1
regime,1970s,1
relate,1970s,1
relate,1990s,1
relax,1960s,1
relief,1960s,1
remain,1960s,1
remains,1970s,1
remember,1970s,1
reminders,1970s,1
reno,1990s,1
repeat,1980s,1
repect,1960s,1
replaced,1970s,1
rerun,1990s,1
resistance,1960s,1
resistance,1970s,1
return,1960s,1
return,1970s,1
returned,1960s,1
revealed,1970s,1
rhyme,1960s,1
ri,1960s,1
rice,1960s,1
richer,1970s,1
ride,1970s,1
rider,1970s,1
riders,1960s,1
ridin,1970s,1
ridin,1980s,1
rims,1970s,1
ring,1960s,1
ring,1970s,1
ringing,1950s,1
rings,1960s,1
ripples,1970s,1
rips,1970s,1
rises,1970s,1
rising,1960s,1
riverboat,1960s,1
road,1950s,1
road,1960s,1
road,1970s,1
road,1980s,1
robbin,1960s,1
robin,1970s,1
robin,1980s,1
rockin,1970s,1
rocks,1960s,1
rode,1970s,1
roll,1970s,1
rollers,1970s,1
roof,1980s,1
roof's,1960s,1
ropas,1980s,1
rope,1960s,1
rose,1960s,1
rosie,1960s,1
rouge,1970s,1
round,1950s,1
rug,1960s,1
ruins,1960s,1
rules,1980s,1
rummage,1970s,1
runaway,1970s,1
running,1960s,1
rusted,1980s,1
sabes,1980s,1
sack,1980s,1
sad,1950s,1
sadness,1970s,1
safe,1980s,1
sail,1980s,1
sailin,1970s,1
sails,1970s,1
sake,1950s,1
sale,1970s,1
salinas,1970s,1
sand,1970s,1
sands,1960s,1
sat,1960s,1
satisfy,1960s,1
save,1980s,1
saved,1960s,1
savin,1960s,1
savin,1990s,1
saving,1960s,1
saving,1970s,1
sax,1950s,1
sayin,1960s,1
sayin,1970s,1
scaled,1980s,1
scan,1970s,1
scat,1960s,1
scene,1960s,1
scheme,1970s,1
school,1960s,1
schooled,1960s,1
schoolin,1960s,1
science,1970s,1
scream,1960s,1
scream,1970s,1
scream,1980s,1
scrounging,1960s,1
scrub,1980s,1
scuse,1960s,1
secrets,1960s,1
secrets,1970s,1
section,1950s,1
seeking,1970s,1
selling,1960s,1
senator's,1970s,1
senators,1960s,1
send,1960s,1
send,1970s,1
sends,1960s,1
ser,1980s,1
sermon,1960s,1
servants,1960s,1
settle,1960s,1
seventh,1950s,1
seventh,1970s,1
shacking,1970s,1
shade,1950s,1
shangri,1970s,1
share,1960s,1
shared,1970s,1
shave,1990s,1
shaved,1970s,1
shed,1960s,1
shells,1970s,1
shelter,1960s,1
shelter,1980s,1
shines,1960s,1
shirt,1960s,1
shirt,1990s,1
shirts,1980s,1
sho'nuff,1980s,1
shock,1980s,1
shockin,1980s,1
shoeshine,1960s,1
shook,1950s,1
shook,1960s,1
shopping,1970s,1
short,1960s,1
short,1980s,1
shotgun,1970s,1
shotgun,1990s,1
should've,1950s,1
should've,1970s,1
shout,1970s,1
shove,1990s,1
shucks,1980s,1
siamese,1960s,1
sick,1970s,1
sideboard,1960s,1
sidewalk,2000s,1
sie,1990s,1
sigh,1960s,1
sighs,1960s,1
sight,1980s,1
signin,1980s,1
signs,1960s,1
silhouetted,1960s,1
silver,1970s,1
sin,1970s,1
sincere,1960s,1
sing,1950s,1
sing,1980s,1
single,1970s,1
sings,1970s,1
sink,1960s,1
sinkin,1960s,1
sister's,1980s,1
sit,1950s,1
sit,1960s,1
situation,1970s,1
size,1970s,1
skies,1980s,1
skin,2000s,1
skirt,1980s,1
sky,1970s,1
slab,1990s,1
slappin,1970s,1
sleep,1990s,1
sleepin,1960s,1
sleeping,2000s,1
sleeve,1990s,1
slide,1950s,1
slide,1980s,1
sliding,1960s,1
slip,1970s,1
slip,1980s,1
slip,1990s,1
slipping,1960s,1
slob,1990s,1
slogans,1970s,1
slowly,1960s,1
slows,1950s,1
sly,1960s,1
smack,1960s,1
smart,1980s,1
smell,1960s,1
smile,1980s,1
smile,1990s,1
smoke,1980s,1
snappers,1970s,1
snappin,1970s,1
socks,1960s,1
softly,1960s,1
sold,1960s,1
solo,1950s,1
solo,1960s,1
solution,1980s,1
somebody's,1980s,1
someday,1970s,1
son,1950s,1
songs,1960s,1
sons,1960s,1
sorrow,1960s,1
sorrow,1980s,1
souls,1970s,1
sound,1950s,1
sounding,1960s,1
sounds,1950s,1
sounds,1970s,1
south,1950s,1
southern,1960s,1
spangled,1970s,1
speak,1960s,1
special,1980s,1
speed,1950s,1
speed,1980s,1
speeding,1970s,1
spends,1980s,1
spent,1970s,1
spider,1950s,1
spike,1960s,1
spin,1960s,1
spinal,1960s,1
spinning,1960s,1
spit,1970s,1
splinters,1990s,1
spoke,1980s,1
spoon,1970s,1
spot,1950s,1
spray,1990s,1
sprechen,1990s,1
spring,1980s,1
sprung,1970s,1
spurred,1970s,1
squandered,1970s,1
square,1950s,1
squeeze'em,1960s,1
stadium,1960s,1
stain,1990s,1
stalled,1960s,1
stalls,1990s,1
stamps,1990s,1
stand,1950s,1
stands,1970s,1
star,1970s,1
stare,1960s,1
stare,1980s,1
stared,1960s,1
stark,1970s,1
stars,1950s,1
start,1950s,1
start,1980s,1
starting,1980s,1
starts,2000s,1
station,1970s,1
stay,1970s,1
steal,1960s,1
stealin,1960s,1
stealing,1970s,1
steeple,1960s,1
stepped,1950s,1
steppin,1970s,1
stick,1950s,1
stick,1960s,1
stingray,1970s,1
stock,1990s,1
stone,1950s,1
stone,1980s,1
stood,1950s,1
stood,1960s,1
stopped,1960s,1
store,1950s,1
store,1970s,1
store,1980s,1
storm,1970s,1
story,1970s,1
story's,1970s,1
straits,1970s,1
strangers,1970s,1
strap,1960s,1
strap,1970s,1
streak,1980s,1
street's,1960s,1
streets,1980s,1
strikes,1960s,1
string,1990s,1
strong,1950s,1
strong,1980s,1
strumming,1950s,1
stuff,1960s,1
sturdy,1980s,1
styles,1960s,1
suburbs,1980s,1
sugar,1980s,1
sun,1950s,1
sun,1980s,1
sun's,1970s,1
sunday,1970s,1
superb,1980s,1
suppose,1970s,1
supposed,1960s,1
surely,1960s,1
surfboards,1970s,1
surrounded,1980s,1
survive,1960s,1
suspicion,1960s,1
sweat,1970s,1
sweeping,1960s,1
sweet,1970s,1
sweeter,1960s,1
sweeter,1980s,1
sweetly,1960s,1
swimmin,1960s,1
swing,1950s,1
swing,1970s,1
swinging,1960s,1
symphony,1950s,1
takes,1960s,1
takin,1960s,1
taking,1960s,1
taking,1970s,1
tale,1950s,1
talked,1960s,1
talked,1970s,1
talking,1960s,1
tall,1950s,1
tall,1960s,1
tango,1950s,1
tanned,1960s,1
tanning,1970s,1
taste,1970s,1
taste,1990s,1
tations,1960s,1
taught,1960s,1
taxman,1970s,1
tcb,1960s,1
tear,1970s,1
tears,1950s,1
teens,1950s,1
telephone,1950s,1
tellin,1980s,1
telling,1980s,1
temperature's,1960s,1
tenancy,1970s,1
tengo,1980s,1
tenor,1950s,1
termite,1990s,1
test,1970s,1
there'll,1960s,1
thinkin,1960s,1
thinking,1970s,1
threw,1950s,1
threw,1960s,1
thrill,1950s,1
tht,1980s,1
thumbed,1970s,1
thumpin,1960s,1
thunder,1960s,1
thunder,1980s,1
ticket,1980s,1
tight,1950s,1
til,1980s,1
timeless,1970s,1
times,1970s,1
tin,1980s,1
tips,1980s,1
toe,1960s,1
tomorrow,1980s,1
tomorrows,1970s,1
ton,1950s,1
tongue,1980s,1
tongues,1970s,1
tooted,1950s,1
toothless,1960s,1
top,1950s,1
top,1970s,1
torture,2000s,1
touch,1970s,1
tourists,1970s,1
towels,1970s,1
towns,1970s,1
traces,1960s,1
track,1950s,1
track,1980s,1
tracks,1950s,1
trade,1990s,1
trades,1970s,1
traffic,1970s,1
trailer,1990s,1
train,1970s,1
tramp,1960s,1
transistor,1960s,1
traveler,1970s,1
treasure,1960s,1
treat,1950s,1
treat,1960s,1
treating,1960s,1
tree,1950s,1
trees,1960s,1
tremble,1970s,1
tricks,1960s,1
trombone,1950s,1
trouble,1970s,1
troubles,1960s,1
truncheon,1970s,1
truth,1960s,1
tryin,1960s,1
tryin,1980s,1
tuesday,1960s,1
tune,1960s,1
turkey,1990s,1
turtle,1950s,1
tv,1980s,1
twisted,1960s,1
twistin,1970s,1
u.k,1970s,1
uda,1970s,1
uhh,1960s,1
uk,1970s,1
underneath,1970s,1
understand,1970s,1
understood,1960s,1
underworld,1970s,1
unfold,1960s,1
uniform,2000s,1
united,1970s,1
unreal,1960s,1
unspoken,1960s,1
up's,1970s,1
upside,1970s,1
upstairs,1960s,1
usa,1970s,1
useless,1980s,1
v8,1950s,1
vacation,1970s,1
vacuum,1960s,1
vague,1960s,1
vain,1970s,1
valium,1970s,1
vanish,1960s,1
vanished,1960s,1
vegetables,1990s,1
veins,1990s,1
velvet,1970s,1
view,1960s,1
view,1970s,1
ville,1950s,1
violation,1990s,1
visions,1970s,1
visit,1960s,1
vitamin,1990s,1
vocal,1960s,1
vocals,1960s,1
voice,1980s,1
vote,1970s,1
vote,1980s,1
wages,1970s,1
wai,1960s,1
wail,1950s,1
wailin,1970s,1
waitin,1960s,1
waitin,1970s,1
wake,1960s,1
wake,1970s,1
waking,1990s,1
walk,1980s,1
walked,1970s,1
walking,1980s,1
walks,1960s,1
wall,1960s,1
walls,1960s,1
walrus,1960s,1
war,1960s,1
warm,1970s,1
warning,1960s,1
washed,1960s,1
wasted,1970s,1
wasting,1960s,1
watch,1960s,1
watchin,1980s,1
water,1950s,1
water,1960s,1
waterfall,1960s,1
waters,1960s,1
wave,1970s,1
waves,1960s,1
waves,1970s,1
waving,1960s,1
wax,1990s,1
wear,2000s,1
wearin,1980s,1
weariness,1960s,1
wearing,1960s,1
wears,1960s,1
weasel,1990s,1
weather,1970s,1
wedding,1960s,1
wedding,1990s,1
week,1970s,1
week,1980s,1
weeks,1970s,1
weepin,1950s,1
west,1950s,1
west,1960s,1
whale,1970s,1
whalin,1950s,1
what'd,1960s,1
what'll,1970s,1
wheel's,1960s,1
wheeled,1970s,1
whip,1960s,1
whisper,1990s,1
white,1970s,1
white,1980s,1
whiz,1990s,1
whoa,1980s,1
whores,1970s,1
wide,1960s,1
wiggle,1950s,1
wild,1980s,1
win,1960s,1
window,1960s,1
windows,1960s,1
winds,1970s,1
windshield,1970s,1
windy,1960s,1
wing,1990s,1
winner,1990s,1
winter,1970s,1
winters,1970s,1
wipers,1970s,1
wiping,1960s,1
wire,1970s,1
wisdom,1980s,1
wishing,1970s,1
wo,1960s,1
woke,1960s,1
women,1960s,1
women,1970s,1
women,1980s,1
won'tcha,1960s,1
wond'rin,1960s,1
wonky,1960s,1
woo,1980s,1
wood,1950s,1
woods,1950s,1
wop,1950s,1
word,1990s,1
wore,1970s,1
workin,1960s,1
workin,1970s,1
workman's,1970s,1
worlds,1970s,1
worlds,1980s,1
worm,1970s,1
worry,1970s,1
worryin,1960s,1
worse,1990s,1
worship,1970s,1
wrap,1970s,1
wreck,1970s,1
write,1950s,1
write,1990s,1
writers,1960s,1
writing,1960s,1
y'all,1980s,1
y'know,1970s,1
ya,1970s,1
ye,1950s,1
yea,1960s,1
yeaaaaaaaaaaaaaaaaaaaaaaaaah,1970s,1
yearnin,1960s,1
yearns,1950s,1
yell,1950s,1
yellow,1970s,1
yellowy,1970s,1
yesterday,1980s,1
york,1980s,1
zombies,1970s,1
zone,1970s,1
zulu,1980s,1
