number,artist,title,time,bpm,year,genre,track,track_gen,block,decade
1,Bob Dylan,Like a Rolling Stone,6M 4S,95.6,1965,Rock 1960s,POWERTRK_155-14,POWERTRK_155,Top 100,1960s
2,The Rolling Stones,Satisfaction,3M 43S,134.7,1985,Rock 1980s,ESSENTLS_012-13,ESSENTLS_012,Top 100,1980s
3,John Lennon,Imagine,3M 2S,152.6,1971,Slow,POWERTRK_023-07,POWERTRK_023,Top 100,1970s
4,Marvin Gaye,What's Going On,3M 47S,101.5,1971,Dance 1970s,POWERTRK_085-07,POWERTRK_085,Top 100,1970s
5,Aretha Franklin,Respect,2M 23S,114.5,1967,Rock 1960s,POWERTRK_046-16,POWERTRK_046,Top 100,1960s
6,The Beach Boys,Good Vibrations,3M 36S,148.8,1966,Rock 1960s,POWERTRK_032-08,POWERTRK_032,Top 100,1960s
7,Chuck Berry,Johnny B. Goode,2M 38S,84.1,1958,Rock 1950s,POWERTRK_021-12,POWERTRK_021,Top 100,1950s
8,The Beatles,Hey Jude,7M 8S,146.9,1969,Rock 1960s,BEATLES__BLA-13,BEATLES__BLA,Top 100,1960s
9,Nirvana,Smells Like Teen Spirit,5M 1S,117.5,1991,Rock 1990s,POWERTRK_022-01,POWERTRK_022,Top 100,1990s
10,Ray Charles,What'd I Say (Parts 1 And 2),5M 6S,89.6,1959,Rock 1950s,POWERTRK_071-16,POWERTRK_071,Top 100,1950s
11,The Who,My Generation,3M 17S,97.2,1966,Rock 1960s,POWERTRK_043-14,POWERTRK_043,Top 100,1960s
12,Sam Cooke,A Change Is Gonna Come,3M 13S,138.3,1960,TBD,DTRANDOM_005-16,DTRANDOM_005,Top 100,1960s
13,The Beatles,Yesterday,2M 5S,97.6,1966,Rock 1960s,BEATLES__RDA-13,BEATLES__RDA,Top 100,1960s
14,Bob Dylan,Blowin' in the Wind,2M 46S,93.8,1967,TBD,HOTSTUFF_026-19,HOTSTUFF_026,Top 100,1960s
15,The Clash,London Calling,3M 18S,134.3,1979,Rock 1970s,POWERTRK_084-13,POWERTRK_084,Top 100,1970s
16,The Beatles,I Want to Hold Your Hand,2M 26S,131.1,1966,Rock 1960s,BEATLES__RDA-05,BEATLES__RDA,Top 100,1960s
17,Jimi Hendrix,Purple Haze,2M 50S,110.2,1968,Rock 1960s,POWERTRK_042-13,POWERTRK_042,Top 100,1960s
18,Chuck Berry,Maybellene,2M 19S,118.4,1955,Rock 1950s,POWERTRK_095-13,POWERTRK_095,Top 100,1950s
19,Elvis Presley,Hound Dog,2M 15S,88.8,1956,Rock 1950s,POWERTRK_023-06,POWERTRK_023,Top 100,1950s
20,The Beatles,Let It Be,3M 52S,137.4,1969,Rock 1960s,BEATLES__BLB-12,BEATLES__BLB,Top 100,1960s
21,Bruce Springsteen,Born to Run,4M 30S,146.3,1975,Rock 1970s,POWERTRK_090-08,POWERTRK_090,Top 100,1970s
22,The Ronettes,Be My Baby,2M 37S,128,1963,Dance 1960s,POWERTRK_162-14,POWERTRK_162,Top 100,1960s
23,The Beatles,In My Life,2M 27S,103.7,1966,Rock 1960s,BEATLES__RDB-09,BEATLES__RDB,Top 100,1960s
24,The Impressions,People Get Ready,2M 38S,120.4,2003,TBD,DTRANDOM_002-18,DTRANDOM_002,Top 100,2000s
25,The Beach Boys,God Only Knows,2M 52S,116.6,1966,TBD,DTRANDOM_006-02,DTRANDOM_006,Top 100,1960s
26,The Beatles,A Day in the Life,5M 6S,130.3,1969,Rock 1960s,BEATLES__BLA-06,BEATLES__BLA,Top 100,1960s
27,Derek & The Dominos,Layla,7M 4S,115.2,1972,Rock 1970s,POWERTRK_024-01,POWERTRK_024,Top 100,1970s
28,Otis Redding,(Sittin' On) the Dock of the Bay,2M 41S,103.3,1968,Slow,POWERTRK_044-13,POWERTRK_044,Top 100,1960s
29,The Beatles,Help!,2M 20S,95.2,1966,Rock 1960s,BEATLES__RDB-01,BEATLES__RDB,Top 100,1960s
30,Johnny Cash,I Walk the Line,2M 41S,106.4,1956,Country,POWERTRK_026-17,POWERTRK_026,Top 100,1950s
31,Led Zeppelin,Stairway to Heaven,7M 59S,99.7,1971,Slow,POWERTRK_046-10,POWERTRK_046,Top 100,1970s
32,The Rolling Stones,Sympathy for the Devil,6M 18S,116.2,1968,TBD,DTRANDOM_003-06,DTRANDOM_003,Top 100,1960s
33,Tina Turner,River Deep - Mountain High,3M 40S,102.9,1991,Rock 1980s,TINATURN_GH1-09,TINATURN_GH1,Top 100,1990s
34,The Righteous Brothers,You've Lost That Lovin' Feelin',3M 41S,96.1,1964,Slow,POWERTRK_042-16,POWERTRK_042,Top 100,1960s
35,The Doors,Light My Fire,7M 6S,125.1,1967,Rock 1960s,POWERTRK_025-15,POWERTRK_025,Top 100,1960s
36,U2,One,4M 35S,90.6,1992,Slow,POWERTRK_017-10,POWERTRK_017,Top 100,1990s
37,Bob Marley & The Wailers,No Woman No Cry,7M 7S,157.7,1974,Reggae,POWERTRK_042-01,POWERTRK_042,Top 100,1970s
38,The Rolling Stones,Gimme Shelter,4M 32S,118.9,1969,TBD,DTRANDOM_004-16,DTRANDOM_004,Top 100,1960s
39,Buddy Holly,That'll Be the Day,2M 16S,116.3,1957,Rock 1950s,POWERTRK_050-02,POWERTRK_050,Top 100,1950s
40,Martha Reeves & The Vandellas,Dancing in the Street,2M 37S,127.5,1964,Dance 1960s,POWERTRK_141-18,POWERTRK_141,Top 100,1960s
41,The Band,The Weight,4M 31S,144.2,1968,Rock 1960s,POWERTRK_135-03,POWERTRK_135,Top 100,1960s
42,The Kinks,Waterloo Sunset,3M 17S,107.3,1967,TBD,DTRANDOM_005-13,DTRANDOM_005,Top 100,1960s
43,Little Richard,Tutti-Frutti,2M 22S,184.6,1956,Rock 1950s,POWERTRK_105-14,POWERTRK_105,Top 100,1950s
44,Ray Charles,Georgia on My Mind,3M 38S,128.8,1960,Slow,POWERTRK_046-12,POWERTRK_046,Top 100,1960s
45,Elvis Presley,Heartbreak Hotel,2M 9S,107.8,1956,Rock 1950s,POWERTRK_062-17,POWERTRK_062,Top 100,1950s
46,David Bowie,Heroes,3M 33S,113.1,1998,TBD,DTRANDOM_007-17,DTRANDOM_007,Top 100,1990s
47,Simon & Garfunkel,Bridge Over Troubled Water,4M 51S,87.2,1970,Slow,POWERTRK_009-01,POWERTRK_009,Top 100,1970s
48,Jimi Hendrix,All Along the Watchtower,4M 1S,114.3,1968,Rock 1960s,POWERTRK_029-04,POWERTRK_029,Top 100,1960s
49,The Eagles,Hotel California,6M 29S,147.9,1977,Slow,POWERTRK_051-01,POWERTRK_051,Top 100,1970s
50,Smokey Robinson,Tracks of My Tears,2M 55S,97.7,1965,Slow,POWERTRK_046-17,POWERTRK_046,Top 100,1960s
51,Grandmaster Flash & Melle Mel,The Message,7M 7S,101,1981,R&B 1980s,POWERTRK_142-08,POWERTRK_142,Top 100,1980s
52,Prince,When Doves Cry,3M 48S,126.5,1984,Dance 1980s,POWERTRK_084-02,POWERTRK_084,Top 100,1980s
53,Sex Pistols,Anarchy in the U.K.,3M 32S,134.3,1977,Rock 1970s,POWERTRK_070-13,POWERTRK_070,Top 100,1970s
54,Percy Sledge,When a Man Loves a Woman,2M 52S,97.8,1966,Slow,POWERTRK_033-01,POWERTRK_033,Top 100,1960s
55,The Kingsmen,Louie Louie,2M 42S,124,1963,Rock 1960s,POWERTRK_017-16,POWERTRK_017,Top 100,1960s
56,Little Richard,Long Tall Sally,2M 6S,189.8,1956,Rock 1950s,POWERTRK_118-08,POWERTRK_118,Top 100,1950s
57,Procol Harum,A Whiter Shade of Pale,4M 4S,148.6,1967,Slow,POWERTRK_027-08,POWERTRK_027,Top 100,1960s
58,Michael Jackson,Billie Jean,4M 54S,117,1983,Dance 1980s,POWERTRK_008-08,POWERTRK_008,Top 100,1980s
59,Bob Dylan,The Times They Are A-Changin',3M 11S,86.1,1967,Rock 1960s,POWERTRK_154-11,POWERTRK_154,Top 100,1960s
60,Al Green,Let's Stay Together,3M 17S,102.2,1971,Slow,POWERTRK_045-07,POWERTRK_045,Top 100,1970s
61,Jerry Lee Lewis,Whole Lotta Shakin' Going On,2M 51S,121,1957,Rock 1950s,POWERTRK_017-12,POWERTRK_017,Top 100,1950s
62,Bo Diddley,Bo Diddley,2M 20S,106,1957,TBD,HOTSTUFF_029-12,HOTSTUFF_029,Top 100,1950s
63,Buffalo Springfield,"For What It's Worth (Stop, Hey What's That Sound)",2M 38S,99.4,1967,Rock 1960s,POWERTRK_071-04,POWERTRK_071,Top 100,1960s
64,The Beatles,She Loves You,2M 22S,149.8,1966,Rock 1960s,BEATLES__RDA-04,BEATLES__RDA,Top 100,1960s
65,Cream,Sunshine of Your Love,4M 11S,115,1968,Rock 1960s,POWERTRK_063-04,POWERTRK_063,Top 100,1960s
66,Bob Marley & The Wailers,Redemption Song,3M 48S,116,1980,Reggae,BOBMARLY_G1A-12,BOBMARLY_G1A,Top 100,1980s
67,Elvis Presley,Jailhouse Rock,2M 27S,84.2,1957,Rock 1950s,POWERTRK_041-03,POWERTRK_041,Top 100,1950s
68,Bob Dylan,Tangled Up in Blue,5M 43S,99.2,1994,TBD,DTRANDOM_008-04,DTRANDOM_008,Top 100,1990s
69,Roy Orbison,Crying,2M 47S,97.1,2006,TBD,DTRANDOM_003-12,DTRANDOM_003,Top 100,2000s
70,Dionne Warwick,Walk on By,2M 44S,99.3,1964,Slow,POWERTRK_166-15,POWERTRK_166,Top 100,1960s
71,The Beach Boys,California Girls,2M 37S,115.9,1965,Rock 1960s,POWERTRK_078-06,POWERTRK_078,Top 100,1960s
72,James Brown,Papa's Got a Brand New Bag Part 1,2M 3S,130.2,1965,Rock 1960s,POWERTRK_025-17,POWERTRK_025,Top 100,1960s
73,Eddie Cochran,Summertime Blues,1M 59S,157.2,1970,Rock 1970s,ESSENTLS_001-22,ESSENTLS_001,Top 100,1970s
74,Stevie Wonder,Superstition,4M 25S,101.3,1972,Disco,POWERTRK_017-13,POWERTRK_017,Top 100,1970s
75,Led Zeppelin,Whole Lotta Love,5M 33S,92.1,1969,Rock 1960s,POWERTRK_065-17,POWERTRK_065,Top 100,1960s
76,The Beatles,Strawberry Fields Forever,4M 8S,99.2,1969,Rock 1960s,BEATLES__BLA-01,BEATLES__BLA,Top 100,1960s
77,Elvis Presley,Mystery Train,2M 27S,121,2000,TBD,DTRANDOM_004-15,DTRANDOM_004,Top 100,2000s
78,James Brown,I Got You,2M 46S,147.5,1965,Rock 1960s,POWERTRK_037-14,POWERTRK_037,Top 100,1960s
79,The Byrds,Mr. Tambourine Man,2M 18S,122.3,1965,Rock 1960s,POWERTRK_065-16,POWERTRK_065,Top 100,1960s
80,Marvin Gaye,I Heard It Through the Grapevine,5M 3S,118.1,1968,Rock 1960s,POWERTRK_029-01,POWERTRK_029,Top 100,1960s
81,Fats Domino,Blueberry Hill,2M 19S,125.5,1956,Slow,POWERTRK_055-03,POWERTRK_055,Top 100,1950s
82,The Kinks,You Really Got Me,2M 13S,138,1964,Rock 1960s,POWERTRK_041-17,POWERTRK_041,Top 100,1960s
83,The Beatles,Norwegian Wood (This Bird Has Flown),2M 5S,88.7,1966,Rock 1960s,BEATLES__RDB-06,BEATLES__RDB,Top 100,1960s
84,The Police,Every Breath You Take,4M 13S,117.4,1983,Slow,POWERTRK_033-10,POWERTRK_033,Top 100,1980s
85,Patsy Cline,Crazy,2M 41S,110.8,1961,Country,POWERTRK_048-06,POWERTRK_048,Top 100,1960s
86,Bruce Springsteen,Thunder Road,4M 51S,144,1975,TBD,DTRANDOM_005-05,DTRANDOM_005,Top 100,1970s
87,Johnny Cash,Ring of Fire,2M 38S,103.4,1963,Country,POWERTRK_051-13,POWERTRK_051,Top 100,1960s
88,The Temptations,My Girl,2M 42S,105.1,1965,Slow,POWERTRK_015-05,POWERTRK_015,Top 100,1960s
89,The Mamas & the Papas,California Dreamin',2M 39S,113,1966,Rock 1960s,POWERTRK_026-01,POWERTRK_026,Top 100,1960s
90,The Five Satins,In the Still of the Night,3M 2S,105.4,1956,Slow,POWERTRK_015-06,POWERTRK_015,Top 100,1950s
91,Elvis Presley,Suspicious Minds,3M 20S,114.8,1969,Rock 1960s,POWERTRK_130-13,POWERTRK_130,Top 100,1960s
92,Ramones,Blitzkrieg Bop,2M 12S,88.4,1976,Rock 1970s,POWERTRK_071-13,POWERTRK_071,Top 100,1970s
93,U2,I Still Haven't Found What I'm Looking For,4M 37S,100.6,1987,Rock 1980s,POWERTRK_042-02,POWERTRK_042,Top 100,1980s
94,Little Richard,Good Golly Miss Molly,2M 7S,84.4,1958,Rock 1950s,POWERTRK_019-04,POWERTRK_019,Top 100,1950s
95,Carl Perkins,Blue Suede Shoes,2M 14S,85.9,1956,Rock 1950s,POWERTRK_078-05,POWERTRK_078,Top 100,1950s
96,Jerry Lee Lewis,Great Balls of Fire,1M 51S,161.2,1957,Rock 1950s,POWERTRK_005-12,POWERTRK_005,Top 100,1950s
97,Chuck Berry,Roll Over Beethoven,2M 25S,92.8,1959,TBD,DTRANDOM_009-06,DTRANDOM_009,Top 100,1950s
98,Al Green,Love And Happiness,5M 7S,98.9,1972,TBD,DTRANDOM_001-14,DTRANDOM_001,Top 100,1970s
99,Creedence Clearwater Revival,Fortunate Son,2M 20S,132.7,1969,Rock 1970s,CCR______GH1-09,CCR______GH1,Top 100,1960s
100,The Rolling Stones,You Can't Always Get What You Want,7M 30S,91.7,1969,TBD,HOTSTUFF_023-20,HOTSTUFF_023,Top 100,1960s
101,Jimi Hendrix,Voodoo Child,5M 13S,118.6,1993,TBD,DTRANDOM_004-19,DTRANDOM_004,200s,1990s
102,Gene Vincent,Be-Bop-A-Lula,2M 35S,127.8,1956,Rock 1950s,POWERTRK_027-16,POWERTRK_027,200s,1950s
103,Donna Summer,Hot Stuff,3M 50S,120.1,1979,Disco,POWERTRK_019-09,POWERTRK_019,200s,1970s
104,Stevie Wonder,Living for the City,7M 25S,99.1,1973,Rock 1980s,STVWONDR_GH1-11,STVWONDR_GH1,200s,1970s
105,Simon & Garfunkel,The Boxer,5M 9S,96.2,1969,Rock 1970s,SIMONGRF_GH1-18,SIMONGRF_GH1,200s,1960s
106,Bob Dylan,Mr. Tambourine Man,5M 28S,177.5,1967,TBD,DTRANDOM_009-02,DTRANDOM_009,200s,1960s
107,Buddy Holly,Not Fade Away,2M 16S,97.5,1999,TBD,DTRANDOM_003-19,DTRANDOM_003,200s,1990s
108,Prince,Little Red Corvette,4M 56S,123.2,1983,Dance 1980s,POWERTRK_014-19,POWERTRK_014,200s,1980s
109,Van Morrison,Brown Eyed Girl,3M 3S,151.1,1967,Rock 1960s,POWERTRK_057-02,POWERTRK_057,200s,1960s
110,Otis Redding,I've Been Loving You Too Long (To Stop Now),3M 13S,117.4,1965,TBD,DTRANDOM_007-12,DTRANDOM_007,200s,1960s
111,Hank Williams,I'm So Lonesome I Could Cry,2M 49S,111.9,1970,TBD,DTRANDOM_005-18,DTRANDOM_005,200s,1970s
112,Elvis Presley,That's All Right,1M 57S,105.5,2000,TBD,DTRANDOM_008-06,DTRANDOM_008,200s,2000s
113,The Drifters,Up on the Roof,2M 37S,121.3,1962,Rock 1960s,POWERTRK_112-06,POWERTRK_112,200s,1960s
114,The Crystals,Da Doo Ron Ron,2M 18S,147.6,1992,TBD,DTRANDOM_002-16,DTRANDOM_002,200s,1990s
115,Sam Cooke,You Send Me,2M 45S,95.7,1957,Slow,POWERTRK_031-17,POWERTRK_031,200s,1950s
116,The Rolling Stones,Honky Tonk Woman,3M 0S,121.2,1969,TBD,HOTSTUFF_029-16,HOTSTUFF_029,200s,1960s
117,Al Green,Take Me to the River,3M 45S,118,1974,TBD,DTRANDOM_008-05,DTRANDOM_008,200s,1970s
118,The Isley Brothers,Shout,4M 36S,138.9,1960,Rock 1960s,PARTYTIM_001-18,PARTYTIM_001,200s,1960s
119,Fleetwood Mac,Go Your Own Way,3M 39S,135.6,1977,Rock 1970s,POWERTRK_036-04,POWERTRK_036,200s,1970s
120,The Jackson 5,I Want You Back,3M 0S,98.1,1969,Dance 1960s,POWERTRK_029-15,POWERTRK_029,200s,1960s
121,Ben E. King,Stand by Me,2M 54S,108.9,1961,Slow,POWERTRK_046-05,POWERTRK_046,200s,1960s
122,The Animals,House of the Rising Sun,4M 28S,116.7,1964,Slow,POWERTRK_049-04,POWERTRK_049,200s,1960s
123,James Brown,It's a Man's Man's Man's World,2M 47S,105.3,1991,TBD,DTRANDOM_004-18,DTRANDOM_004,200s,1990s
124,The Rolling Stones,Jumpin' Jack Flash,3M 40S,137.5,1968,Rock 1960s,POWERTRK_033-07,POWERTRK_033,200s,1960s
125,The Shirelles,Will You Love Me Tomorrow,2M 43S,125.2,1961,Rock 1960s,POWERTRK_103-06,POWERTRK_103,200s,1960s
126,Big Joe Turner,"Shake, Rattle And Roll",3M 0S,153,1954,TBD,DTRANDOM_002-10,DTRANDOM_002,200s,1950s
127,David Bowie,Changes,3M 34S,114,1972,Rock 1970s,POWERTRK_095-09,POWERTRK_095,200s,1970s
128,Chuck Berry,Rock & Roll Music,2M 31S,165.8,1957,Rock 1950s,POWERTRK_020-19,POWERTRK_020,200s,1950s
129,Steppenwolf,Born to Be Wild,3M 28S,146.9,1968,Rock 1960s,POWERTRK_056-04,POWERTRK_056,200s,1960s
130,Rod Stewart,Maggie May,4M 58S,128.8,1971,Rock 1970s,POWERTRK_059-11,POWERTRK_059,200s,1970s
131,U2,With or Without You,4M 56S,110,1987,Slow,POWERTRK_008-09,POWERTRK_008,200s,1980s
132,Bo Diddley,Who Do You Love,2M 30S,114.3,1957,TBD,DTRANDOM_005-17,DTRANDOM_005,200s,1950s
133,The Who,Won't Get Fooled Again,3M 38S,134.9,1971,Rock 1970s,POWERTRK_054-13,POWERTRK_054,200s,1970s
134,Wilson Pickett,In the Midnight Hour,2M 36S,112,1965,Dance 1960s,POWERTRK_038-13,POWERTRK_038,200s,1960s
135,The Beatles,While My Guitar Gently Weeps,4M 46S,115.7,1969,Rock 1960s,BEATLES__BLB-02,BEATLES__BLB,200s,1960s
136,Elton John,Your Song,4M 0S,117.9,1970,Slow,POWERTRK_039-15,POWERTRK_039,200s,1970s
137,The Beatles,Eleanor Rigby,2M 8S,138.3,1966,Rock 1960s,BEATLES__RDB-12,BEATLES__RDB,200s,1960s
138,Sly & The Family Stone,Family Affair,3M 2S,108.6,1971,Slow,POWERTRK_148-13,POWERTRK_148,200s,1970s
139,The Beatles,I Saw Her Standing There,2M 51S,160.7,1963,TBD,HOTSTUFF_027-11,HOTSTUFF_027,200s,1960s
140,Led Zeppelin,Kashmir,8M 32S,120.7,1990,Rock 1970s,LEDZEPLN_G1C-01,LEDZEPLN_G1C,200s,1990s
141,Everly Brothers,All I Have to Do Is Dream,2M 22S,96.9,1958,Slow,POWERTRK_058-14,POWERTRK_058,200s,1950s
142,James Brown,"Please, Please, Please",2M 44S,109.6,1991,TBD,DTRANDOM_008-15,DTRANDOM_008,200s,1990s
143,Prince,Purple Rain,6M 32S,113.7,1984,Slow,POWERTRK_104-17,POWERTRK_104,200s,1980s
144,Ramones,I Wanna Be Sedated,2M 28S,162.5,1980,Rock 1980s,POWERTRK_026-13,POWERTRK_026,200s,1980s
145,Sly & The Family Stone,Everyday People,2M 19S,114.5,1969,Dance 1960s,POWERTRK_139-04,POWERTRK_139,200s,1960s
146,The B-52's,Rock Lobster,6M 50S,91.1,1979,Rock 1970s,POWERTRK_036-05,POWERTRK_036,200s,1970s
147,Iggy Pop,Lust for Life,5M 13S,102,1977,Rock 2000s,TRANSPTG_ST1-01,TRANSPTG_ST1,200s,1970s
148,Janis Joplin,Me And Bobby McGee,4M 34S,93.3,1973,Rock 1970s,JANISJOP_GH1-05,JANISJOP_GH1,200s,1970s
149,Everly Brothers,Cathy's Clown,2M 22S,121.3,1960,Rock 1960s,POWERTRK_115-16,POWERTRK_115,200s,1960s
150,The Byrds,Eight Miles High,3M 36S,122,1966,TBD,DTRANDOM_003-05,DTRANDOM_003,200s,1960s
151,The Penguins,Earth Angel (Will You Be Mine),2M 55S,103.8,1955,Slow,POWERTRK_113-06,POWERTRK_113,200s,1950s
152,Jimi Hendrix,Foxey Lady,3M 16S,99.3,1968,Rock 1960s,POWERTRK_062-18,POWERTRK_062,200s,1960s
153,The Beatles,A Hard Day's Night,2M 34S,138.8,1966,Rock 1960s,BEATLES__RDA-08,BEATLES__RDA,200s,1960s
154,Buddy Holly,Rave On,1M 49S,159.5,1958,Rock 1950s,POWERTRK_095-12,POWERTRK_095,200s,1950s
155,Creedence Clearwater Revival,Proud Mary,3M 7S,120.4,1968,Rock 1960s,POWERTRK_049-03,POWERTRK_049,200s,1960s
156,Simon & Garfunkel,The Sounds of Silence,3M 4S,106.6,1965,Slow,POWERTRK_074-01,POWERTRK_074,200s,1960s
157,The Flamingos,I Only Have Eyes for You,3M 22S,88.6,1959,Slow,POWERTRK_038-02,POWERTRK_038,200s,1950s
158,Bill Haley and His Comets,Rock Around the Clock,2M 10S,89.9,1955,Rock 1950s,POWERTRK_041-02,POWERTRK_041,200s,1950s
159,The Velvet Underground,I'm Waiting for the Man,4M 40S,125.4,2005,TBD,DTRANDOM_002-01,DTRANDOM_002,200s,2000s
160,Public Enemy,Bring the Noise,3M 47S,110.2,2005,TBD,DTRANDOM_005-10,DTRANDOM_005,200s,2000s
161,Ray Charles,I Can't Stop Loving You,4M 21S,107.3,1962,TBD,DTRANDOM_005-04,DTRANDOM_005,200s,1960s
162,Sinead O'Connor,Nothing Compares 2 U,5M 8S,120,1990,Slow,POWERTRK_015-19,POWERTRK_015,200s,1990s
163,Queen,Bohemian Rhapsody,5M 53S,108,1976,Slow,POWERTRK_019-01,POWERTRK_019,200s,1970s
164,Johnny Cash,Folsom Prison Blues,2M 46S,102.6,1956,Country,POWERTRK_128-17,POWERTRK_128,200s,1950s
165,Tracy Chapman,Fast Car,4M 53S,103.7,1988,Rock 1980s,POWERTRK_114-08,POWERTRK_114,200s,1980s
166,Eminem,Lose Yourself,4M 25S,171.5,2005,TBD,HOTSTUFF_005-17,HOTSTUFF_005,200s,2000s
167,Marvin Gaye,Let's Get It On,3M 59S,83.5,1973,Dance 1970s,POWERTRK_132-05,POWERTRK_132,200s,1970s
168,The Temptations,Papa Was a Rollin' Stone,6M 54S,121.2,1972,Rock 1970s,POWERTRK_144-17,POWERTRK_144,200s,1970s
169,R.E.M.,Losing My Religion,4M 27S,125.4,1991,Rock 1990s,POWERTRK_017-14,POWERTRK_017,200s,1990s
170,Joni Mitchell,Both Sides Now,5M 46S,111.3,1969,TBD,DTRANDOM_003-11,DTRANDOM_003,200s,1960s
171,ABBA,Dancing Queen,3M 52S,100.4,1977,Disco,POWERTRK_029-02,POWERTRK_029,200s,1970s
172,Aerosmith,Dream On,4M 25S,154.8,1976,Slow,POWERTRK_045-11,POWERTRK_045,200s,1970s
173,Sex Pistols,God Save the Queen,3M 18S,148.5,1977,Rock 1970s,POWERTRK_084-14,POWERTRK_084,200s,1970s
174,The Rolling Stones,Paint It Black,3M 45S,159.1,1966,TBD,HOTSTUFF_023-13,HOTSTUFF_023,200s,1960s
175,The Bobby Fuller Four,I Fought the Law,2M 18S,148.3,1966,Rock 1960s,POWERTRK_037-02,POWERTRK_037,200s,1960s
176,The Beach Boys,Don't Worry Baby,2M 45S,121.8,1964,Slow,POWERTRK_132-09,POWERTRK_132,200s,1960s
177,Tom Petty and The Heartbreakers,Free Fallin',4M 15S,84.3,1989,Slow,POWERTRK_019-18,POWERTRK_019,200s,1980s
178,Big Star,September Gurls,2M 49S,113.9,1978,TBD,DTRANDOM_003-07,DTRANDOM_003,200s,1970s
179,Joy Division,Love Will Tear Us Apart,3M 10S,157.3,1980,TBD,DTRANDOM_006-07,DTRANDOM_006,200s,1980s
180,OutKast,Hey Ya! [Radio Mix],3M 59S,159,2003,TBD,RADIO203_10A-05,RADIO203_10A,200s,2000s
181,Booker T & The MG's,Green Onions,2M 52S,135.1,1962,Rock 1960s,POWERTRK_025-07,POWERTRK_025,200s,1960s
182,The Drifters,Save the Last Dance for Me,2M 27S,144.2,1960,Slow,POWERTRK_055-01,POWERTRK_055,200s,1960s
183,B.B. King,The Thrill Is Gone,5M 25S,90.7,1998,TBD,DTRANDOM_005-15,DTRANDOM_005,200s,1990s
184,The Beatles,Please Please Me,2M 3S,139.4,1966,Rock 1960s,BEATLES__RDA-02,BEATLES__RDA,200s,1960s
185,Bob Dylan,Desolation Row,11M 20S,110.4,1965,TBD,DTRANDOM_004-05,DTRANDOM_004,200s,1960s
186,Aretha Franklin,I Never Loved a Man (The Way I Love You),2M 49S,127.6,2002,TBD,DTRANDOM_008-09,DTRANDOM_008,200s,2000s
187,AC/DC,Back in Black,4M 16S,93.6,1981,Rock 1980s,POWERTRK_052-09,POWERTRK_052,200s,1980s
188,Creedence Clearwater Revival,Who'll Stop the Rain,2M 26S,123.8,1970,Slow,POWERTRK_151-14,POWERTRK_151,200s,1970s
189,Bee Gees,Stayin' Alive,4M 43S,103.6,1977,Disco,POWERTRK_045-05,POWERTRK_045,200s,1970s
190,Bob Dylan,Knockin' on Heaven's Door,2M 30S,139.3,1973,Slow,POWERTRK_012-16,POWERTRK_012,200s,1970s
191,Lynyrd Skynyrd,Free Bird,9M 1S,149,1975,Slow,POWERTRK_025-01,POWERTRK_025,200s,1970s
192,Glen Campbell,Wichita Lineman,3M 4S,87,1968,Country,CNTRYTRK_003-05,CNTRYTRK_003,200s,1960s
193,The Drifters,There Goes My Baby,2M 7S,119.8,1959,Slow,POWERTRK_131-03,POWERTRK_131,200s,1950s
194,Buddy Holly,Peggy Sue,2M 29S,148.8,1957,Rock 1950s,POWERTRK_014-07,POWERTRK_014,200s,1950s
195,The Chantels,Maybe,2M 52S,103.9,1958,TBD,DTRANDOM_007-02,DTRANDOM_007,200s,1950s
196,Guns N' Roses,Sweet Child O' Mine,5M 55S,125,1988,Rock 1980s,POWERTRK_046-06,POWERTRK_046,200s,1980s
197,Elvis Presley,Don't Be Cruel,2M 4S,84.6,1956,Rock 1950s,POWERTRK_057-01,POWERTRK_057,200s,1950s
198,Jimi Hendrix,Hey Joe,3M 27S,84.3,1968,Rock 1960s,POWERTRK_087-07,POWERTRK_087,200s,1960s
199,Parliament,Flashlight,4M 28S,105.5,1978,Dance 1970s,POWERTRK_169-09,POWERTRK_169,200s,1970s
200,Beck,Loser,3M 55S,85.4,1994,Rock 1990s,POWERTRK_062-13,POWERTRK_062,200s,1990s
201,New Order,Bizarre Love Triangle,6M 42S,118.4,1987,Rock 1980s,POWERTRK_026-06,POWERTRK_026,300s,1980s
202,The Beatles,Come Together,4M 18S,82.8,1969,Rock 1960s,BEATLES__BLB-09,BEATLES__BLB,300s,1960s
203,Bob Dylan,Positively 4th Street,3M 55S,110,2000,TBD,DTRANDOM_004-02,DTRANDOM_004,300s,2000s
204,Otis Redding,Try a Little Tenderness,3M 16S,104.1,1967,Slow,POWERTRK_132-06,POWERTRK_132,300s,1960s
205,Bill Withers,Lean on Me,3M 45S,150.6,1972,Slow,POWERTRK_129-09,POWERTRK_129,300s,1970s
206,Four Tops,Reach Out (I'll Be There),3M 0S,119.7,1966,Rock 1960s,POWERTRK_023-15,POWERTRK_023,300s,1960s
207,Everly Brothers,Bye Bye Love,2M 15S,86.3,1957,Rock 1950s,POWERTRK_022-09,POWERTRK_022,300s,1950s
208,Van Morrison with Them,Gloria,2M 36S,131.1,1965,Rock 1960s,POWERTRK_011-06,POWERTRK_011,300s,1960s
209,The Beach Boys,In My Room,2M 15S,103.7,1963,TBD,DTRANDOM_003-16,DTRANDOM_003,300s,1960s
210,? & The Mysterians,96 Tears,3M 1S,123.6,1997,TBD,DTRANDOM_003-14,DTRANDOM_003,300s,1990s
211,The Beach Boys,"Caroline, No",2M 19S,152.3,1966,TBD,DTRANDOM_002-03,DTRANDOM_002,300s,1960s
212,Prince,1999,3M 37S,119.2,1983,Dance 1980s,POWERTRK_053-09,POWERTRK_053,300s,1980s
213,Hank Williams,Your Cheatin' Heart,2M 42S,128.5,1953,Country,POWERTRK_015-13,POWERTRK_015,300s,1950s
214,Neil Young,Rockin' in the Free World,4M 44S,131.9,2004,TBD,DTRANDOM_006-18,DTRANDOM_006,300s,2000s
215,The Chords,Sh-Boom,2M 27S,137.5,1985,TBD,DTRANDOM_007-11,DTRANDOM_007,300s,1980s
216,The Lovin' Spoonful,Do You Believe in Magic,2M 7S,138.7,1965,TBD,DTRANDOM_007-08,DTRANDOM_007,300s,1960s
217,Dolly Parton,Jolene,2M 41S,110,1974,TBD,DTRANDOM_008-13,DTRANDOM_008,300s,1970s
218,John Lee Hooker,Boom Boom,2M 10S,91.5,1962,TBD,DTRANDOM_003-20,DTRANDOM_003,300s,1960s
219,Howlin' Wolf,Spoonful,2M 45S,119.9,2003,TBD,DTRANDOM_001-10,DTRANDOM_001,300s,2000s
220,The Left Banke,Walk Away Renee,2M 43S,118.3,1967,TBD,DTRANDOM_002-11,DTRANDOM_002,300s,1960s
221,Lou Reed,Walk on the Wild Side,4M 12S,106.1,1973,Rock 1970s,POWERTRK_006-04,POWERTRK_006,300s,1970s
222,Roy Orbison,"Oh, Pretty Woman",2M 57S,127.2,1964,Rock 1960s,POWERTRK_021-11,POWERTRK_021,300s,1960s
223,Sly & The Family Stone,Dance to the Music,2M 58S,128.1,1968,Dance 1960s,POWERTRK_027-01,POWERTRK_027,300s,1960s
224,Chic,Good Times,3M 44S,110.2,1979,Disco,POWERTRK_017-07,POWERTRK_017,300s,1970s
225,Muddy Waters,I'm Your Hoochie Coochie Man,2M 52S,108.9,1960,TBD,DTRANDOM_006-03,DTRANDOM_006,300s,1960s
226,Van Morrison,Moondance,4M 32S,131.6,1970,Rock 1970s,POWERTRK_034-05,POWERTRK_034,300s,1970s
227,James Taylor,Fire And Rain,3M 22S,151.7,1970,Slow,POWERTRK_079-01,POWERTRK_079,300s,1970s
228,The Clash,Should I Stay or Should I Go?,3M 7S,113.3,1982,Rock 1980s,POWERTRK_025-08,POWERTRK_025,300s,1980s
229,Muddy Waters,Mannish Boy,2M 58S,105.4,1960,TBD,DTRANDOM_006-17,DTRANDOM_006,300s,1960s
230,Bob Dylan,Just Like a Woman,4M 52S,116.3,1967,TBD,HOTSTUFF_026-20,HOTSTUFF_026,300s,1960s
231,Marvin Gaye,Sexual Healing,3M 59S,93.9,1982,Slow,POWERTRK_002-16,POWERTRK_002,300s,1980s
232,Roy Orbison,Only the Lonely (Know How I Feel),2M 26S,119.9,1960,Slow,POWERTRK_072-13,POWERTRK_072,300s,1960s
233,The Animals,We Gotta Get Out of This Place,3M 10S,124.7,1965,Rock 1960s,POWERTRK_141-17,POWERTRK_141,300s,1960s
234,The Byrds,I'll Feel a Whole Lot Better,2M 33S,134.4,1965,TBD,DTRANDOM_007-10,DTRANDOM_007,300s,1960s
235,Ray Charles,I've Got a Woman,2M 55S,99.4,1994,TBD,DTRANDOM_008-17,DTRANDOM_008,300s,1990s
236,Buddy Holly,Everyday,2M 7S,136.5,1957,Rock 1950s,POWERTRK_096-16,POWERTRK_096,300s,1950s
237,Afrika Bambaataa & Soulsonic Force,Planet Rock,5M 3S,122.7,1985,Rock 1980s,ELCIRCUS_OS1-01,ELCIRCUS_OS1,300s,1980s
238,Patsy Cline,I Fall to Pieces,2M 49S,111.2,1961,Country,POWERTRK_044-11,POWERTRK_044,300s,1960s
239,Dion,The Wanderer,2M 42S,114.1,1961,Rock 1960s,POWERTRK_054-11,POWERTRK_054,300s,1960s
240,Dusty Springfield,Son of a Preacher Man,2M 27S,90.9,1969,Rock 1960s,POWERTRK_065-01,POWERTRK_065,300s,1960s
241,Sly & The Family Stone,Stand,3M 8S,108.3,2002,TBD,DTRANDOM_009-05,DTRANDOM_009,300s,2000s
242,Elton John,Rocket Man,4M 42S,137,1974,Rock 1970s,ELTONJON_GH1-06,ELTONJON_GH1,300s,1970s
243,The B-52's,Love Shack,5M 22S,133.6,1989,Rock 1980s,POWERTRK_041-07,POWERTRK_041,300s,1980s
244,The Spencer Davis Group,Gimme Some Lovin',2M 53S,147.5,1967,Rock 1960s,POWERTRK_008-06,POWERTRK_008,300s,1960s
245,The Band,The Night They Drove Old Dixie Down,3M 32S,125.6,1969,TBD,DTRANDOM_002-13,DTRANDOM_002,300s,1960s
246,Jackie Wilson,(Your Love Keeps Lifting Me) Higher And Higher,2M 57S,95.4,1967,Rock 1960s,POWERTRK_130-06,POWERTRK_130,300s,1960s
247,Sly & The Family Stone,Hot Fun in the Summertime,2M 35S,144.8,1969,Dance 1960s,POWERTRK_126-06,POWERTRK_126,300s,1960s
248,Sugarhill Gang,Rapper's Delight,6M 32S,111.8,1980,Dance 1980s,POWERTRK_003-11,POWERTRK_003,300s,1980s
249,Aretha Franklin,Chain of Fools,2M 43S,117,1968,Dance 1960s,POWERTRK_165-02,POWERTRK_165,300s,1960s
250,Black Sabbath,Paranoid,2M 45S,82.1,1969,Rock 1960s,POWERTRK_160-15,POWERTRK_160,300s,1960s
251,Bobby Darin,Mack the Knife,3M 4S,84.7,1959,Easy,POWERTRK_007-04,POWERTRK_007,300s,1950s
252,Clyde McPhatter & The Drifters,Money Honey,2M 59S,123.2,1990,Easy,SHAMLAMA_001-01,SHAMLAMA_001,300s,1990s
253,Mott the Hoople,All the Young Dudes,3M 32S,154.8,1972,Rock 1970s,POWERTRK_104-02,POWERTRK_104,300s,1970s
254,AC/DC,Highway to Hell,3M 29S,116,1979,Rock 1970s,POWERTRK_033-04,POWERTRK_033,300s,1970s
255,Blondie,Heart of Glass,4M 34S,114.5,1979,Dance 1970s,POWERTRK_048-02,POWERTRK_048,300s,1970s
256,Radiohead,Paranoid Android,6M 23S,163.6,1997,Rock 1990s,BIGSHINY_002-15,BIGSHINY_002,300s,1990s
257,The Troggs,Wild Thing,2M 35S,102.1,1966,Rock 1960s,POWERTRK_020-12,POWERTRK_020,300s,1960s
258,The Who,I Can See for Miles,4M 21S,132.7,1967,Rock 1960s,POWERTRK_146-04,POWERTRK_146,300s,1960s
259,Jeff Buckley,Hallelujah,6M 53S,93.1,1994,TBD,DTRANDOM_001-05,DTRANDOM_001,300s,1990s
260,The Dells,Oh What a Nite,2M 54S,111.3,1988,TBD,DTRANDOM_006-19,DTRANDOM_006,300s,1980s
261,Stevie Wonder,Higher Ground,3M 11S,125.3,1973,Rock 1980s,STVWONDR_GH1-10,STVWONDR_GH1,300s,1970s
262,Smokey Robinson and The Miracles,Ooo Baby Baby,2M 48S,111.2,1965,TBD,DTRANDOM_009-01,DTRANDOM_009,300s,1960s
263,The Crystals,He's a Rebel,2M 24S,115.9,1962,Dance 1960s,POWERTRK_144-03,POWERTRK_144,300s,1960s
264,Randy Newman,Sail Away,2M 50S,89.2,1972,TBD,DTRANDOM_005-12,DTRANDOM_005,300s,1970s
265,Archie Bell & The Drells,Tighten Up,3M 14S,124.5,1991,TBD,DTRANDOM_008-11,DTRANDOM_008,300s,1990s
266,The Ronettes,Walking in the Rain,3M 16S,108,1964,TBD,DTRANDOM_004-03,DTRANDOM_004,300s,1960s
267,New York Dolls,Personality Crisis,3M 43S,155.6,1973,TBD,DTRANDOM_004-01,DTRANDOM_004,300s,1970s
268,U2,Sunday Bloody Sunday [Live],5M 17S,109.4,1983,Rock 1980s,POWERTRK_051-07,POWERTRK_051,300s,1980s
269,The Modern Lovers,Roadrunner,4M 6S,152.1,1976,TBD,DTRANDOM_006-05,DTRANDOM_006,300s,1970s
270,George Jones,He Stopped Loving Her Today,3M 16S,112.3,2005,Country,HOTSTUFF_030-14,HOTSTUFF_030,300s,2000s
271,The Beach Boys,Sloop John B,2M 54S,124.9,1966,Slow,POWERTRK_135-07,POWERTRK_135,300s,1960s
272,Chuck Berry,Sweet Little Sixteen,3M 0S,88.6,1958,Rock 1950s,POWERTRK_091-14,POWERTRK_091,300s,1950s
273,The Beatles,Something,3M 2S,132.4,1969,Rock 1960s,BEATLES__BLB-10,BEATLES__BLB,300s,1960s
274,Jefferson Airplane,Somebody to Love,2M 55S,131.2,1967,Rock 1960s,POWERTRK_092-02,POWERTRK_092,300s,1960s
275,Bruce Springsteen,Born in the U.S.A.,4M 37S,123.6,1984,Rock 1980s,POWERTRK_063-17,POWERTRK_063,300s,1980s
276,The Staple Singers,I'll Take You There,3M 17S,101.5,1989,TBD,DTRANDOM_004-07,DTRANDOM_004,300s,1980s
277,David Bowie,Ziggy Stardust,3M 13S,160.7,1972,Rock 1970s,POWERTRK_098-06,POWERTRK_098,300s,1970s
278,The Cure,Pictures of You,4M 46S,86.3,1989,Rock 1990s,BIGSHN90_02B-17,BIGSHN90_02B,300s,1980s
279,The Dixie Cups,Chapel of Love,2M 45S,125.7,1964,Rock 1960s,POWERTRK_034-11,POWERTRK_034,300s,1960s
280,Bill Withers,Ain't No Sunshine,2M 3S,159.5,2002,TBD,DTRANDOM_006-09,DTRANDOM_006,300s,2000s
281,Stevie Wonder,You Are the Sunshine of My Life,2M 51S,134,1973,Slow,POWERTRK_052-11,POWERTRK_052,300s,1970s
282,Joni Mitchell,Help Me,3M 24S,163.4,1974,TBD,DTRANDOM_001-02,DTRANDOM_001,300s,1970s
283,Blondie,Call Me,3M 32S,142,1980,Dance 1980s,POWERTRK_052-12,POWERTRK_052,300s,1980s
284,Elvis Costello,"(What's So Funny 'Bout) Peace, Love & Understanding",3M 32S,141.8,1999,TBD,DTRANDOM_009-03,DTRANDOM_009,300s,1990s
285,Howlin' Wolf,Smokestack Lightnin,3M 8S,145.2,2003,TBD,DTRANDOM_002-04,DTRANDOM_002,300s,2000s
286,Pavement,Summer Babe [Winter Version],3M 16S,98.4,1992,TBD,DTRANDOM_001-17,DTRANDOM_001,300s,1990s
287,Run-DMC,Walk This Way,5M 11S,105.6,1986,R&B 1980s,POWERTRK_009-04,POWERTRK_009,300s,1980s
288,Barrett Strong,Money (That's What I Want),2M 27S,141.1,1978,Rock 1970s,ANMHOUSE_ST1-09,ANMHOUSE_ST1,300s,1970s
289,The Beatles,Can't Buy Me Love,2M 13S,85.3,1966,Rock 1960s,BEATLES__RDA-07,BEATLES__RDA,300s,1960s
290,Eminem,Stan,5M 31S,160,2005,TBD,HOTSTUFF_017-11,HOTSTUFF_017,300s,2000s
291,The Zombies,She's Not There,2M 25S,131.4,1964,TBD,DTRANDOM_003-03,DTRANDOM_003,300s,1960s
292,The Clash,Train in Vain,3M 10S,122.9,1980,Rock 1980s,POWERTRK_010-15,POWERTRK_010,300s,1980s
293,Al Green,Tired of Being Alone,2M 52S,98.3,1971,TBD,DTRANDOM_008-22,DTRANDOM_008,300s,1970s
294,Led Zeppelin,Black Dog,4M 54S,82.6,1971,Rock 1970s,LEDZEPLN_G1B-01,LEDZEPLN_G1B,300s,1970s
295,The Rolling Stones,Street Fighting Man,3M 16S,128.2,1968,TBD,DTRANDOM_007-23,DTRANDOM_007,300s,1960s
296,Bob Marley & The Wailers,Get Up Stand Up,3M 19S,156.3,1975,Reggae,BOBMARLY_G1A-06,BOBMARLY_G1A,300s,1970s
297,Neil Young,Heart of Gold,3M 7S,85.5,1972,Slow,POWERTRK_034-15,POWERTRK_034,300s,1970s
298,Blondie,One Way or Another,3M 35S,162.1,1979,Dance 1970s,POWERTRK_071-14,POWERTRK_071,300s,1970s
299,Prince,Sign 'O' the Times,3M 42S,98.9,1993,Rock 1980s,PRINCE___GH2-10,PRINCE___GH2,300s,1990s
300,Madonna,Like a Prayer,5M 27S,111.9,1989,Dance 1980s,POWERTRK_101-14,POWERTRK_101,300s,1980s
301,Rod Stewart,Do Ya Think I'm Sexy?,5M 28S,112,1979,Rock 1970s,POWERTRK_058-01,POWERTRK_058,400s,1970s
302,Willie Nelson,Blue Eyes Crying in the Rain,2M 20S,116.8,1998,Country,WILNELSN_GH1-01,WILNELSN_GH1,400s,1990s
303,The Rolling Stones,Ruby Tuesday,3M 16S,104.9,1967,TBD,HOTSTUFF_023-14,HOTSTUFF_023,400s,1960s
304,The Beatles,With a Little Help From My Friends,2M 43S,112.5,1969,Rock 1960s,BEATLES__BLA-04,BEATLES__BLA,400s,1960s
305,James Brown,Say It Loud (I'm Back And I'm Proud),2M 47S,114.8,1991,TBD,DTRANDOM_005-03,DTRANDOM_005,400s,1990s
306,The Jam,That's Entertainment,3M 31S,143.2,1991,TBD,DTRANDOM_007-24,DTRANDOM_007,400s,1990s
307,The Teenagers Featuring Frankie Lymon,Why Do Fools Fall in Love,2M 17S,88.1,1956,Rock 1950s,POWERTRK_058-13,POWERTRK_058,400s,1950s
308,Jackie Wilson,Lonely Teardrops,2M 42S,139.2,1959,Rock 1950s,POWERTRK_094-11,POWERTRK_094,400s,1950s
309,Tina Turner,What's Love Got to Do With It,3M 49S,97.9,1984,Slow,POWERTRK_048-03,POWERTRK_048,400s,1980s
310,Black Sabbath,Iron Man,3M 27S,156.8,1970,Rock 1970s,POWERTRK_050-11,POWERTRK_050,400s,1970s
311,Everly Brothers,Wake Up Little Susie,2M 2S,91.2,1957,Rock 1950s,POWERTRK_015-11,POWERTRK_015,400s,1950s
312,Roy Orbison,In Dreams,2M 48S,107.9,1963,Slow,POWERTRK_143-10,POWERTRK_143,400s,1960s
313,Screamin' Jay Hawkins,I Put a Spell on You,2M 28S,86.8,1990,TBD,DTRANDOM_004-09,DTRANDOM_004,400s,1990s
314,Pink Floyd,Comfortably Numb,6M 21S,127,1980,Slow,POWERTRK_061-10,POWERTRK_061,400s,1980s
315,The Animals,Don't Let Me Be Misunderstood,2M 27S,113.5,2003,TBD,DTRANDOM_004-11,DTRANDOM_004,400s,2000s
316,Pink Floyd,Wish You Were Here,5M 10S,121.8,1975,Slow,POWERTRK_127-13,POWERTRK_127,400s,1970s
317,Jimmy Cliff,Many Rivers to Cross,3M 0S,128,1969,TBD,DTRANDOM_001-04,DTRANDOM_001,400s,1960s
318,Elvis Costello,Alison,3M 21S,88.6,1978,TBD,HOTSTUFF_027-06,HOTSTUFF_027,400s,1970s
319,Alice Cooper,School's Out,3M 28S,134.2,1972,Rock 1970s,POWERTRK_087-06,POWERTRK_087,400s,1970s
320,Led Zeppelin,Heartbreaker,4M 14S,112.4,1990,Rock 1970s,LEDZEPLN_G1A-02,LEDZEPLN_G1A,400s,1990s
321,Neil Young,Cortez the Killer,7M 32S,113.9,1977,TBD,DTRANDOM_005-09,DTRANDOM_005,400s,1970s
322,Public Enemy,Fight the Power,4M 36S,106,2005,TBD,DTRANDOM_002-14,DTRANDOM_002,400s,2000s
323,Patty Smyth,Dancing Barefoot,4M 16S,116.9,1992,TBD,DTRANDOM_005-06,DTRANDOM_005,400s,1990s
324,The Supremes,Baby Love,2M 36S,135.8,1964,Dance 1960s,POWERTRK_016-06,POWERTRK_016,400s,1960s
325,The Young Rascals,Good Lovin',2M 29S,98.4,1966,Rock 1960s,POWERTRK_028-06,POWERTRK_028,400s,1960s
326,James Brown,Sex Machine,5M 15S,108.4,1970,Rock 1970s,ESSENTLS_001-21,ESSENTLS_001,400s,1970s
327,The Impressions,For Your Precious Love,2M 46S,108.1,2001,Easy,SHAMLAMA_001-05,SHAMLAMA_001,400s,2000s
328,The Doors,The End,11M 42S,108.2,1985,Rock 1970s,DOORS____G1B-08,DOORS____G1B,400s,1980s
329,"Earth, Wind & Fire",That's the Way of the World,5M 46S,82.1,1978,TBD,DTRANDOM_003-17,DTRANDOM_003,400s,1970s
330,Queen,We Will Rock You,2M 0S,140.7,1977,Rock 1970s,POWERTRK_021-01,POWERTRK_021,400s,1970s
331,Bonnie Raitt,I Can't Make You Love Me,4M 45S,123,1991,Easy,WOMNSONG_002-13,WOMNSONG_002,400s,1990s
332,Bob Dylan,Subterranean Homesick Blues,2M 16S,86.8,1965,Rock 1960s,POWERTRK_130-09,POWERTRK_130,400s,1960s
333,Norman Greenbaum,Spirit in the Sky,4M 1S,128.4,1969,TBD,DTRANDOM_006-08,DTRANDOM_006,400s,1960s
334,The Rolling Stones,Wild Horses,5M 45S,144.2,1971,TBD,DTRANDOM_004-13,DTRANDOM_004,400s,1970s
335,The Velvet Underground,Sweet Jane,3M 15S,105.6,1998,TBD,DTRANDOM_007-22,DTRANDOM_007,400s,1990s
336,Aerosmith,Walk This Way,3M 32S,108,1975,Rock 1980s,AEROSMTH_GH1-04,AEROSMTH_GH1,400s,1970s
337,Michael Jackson,Beat It,4M 19S,138.6,1983,Dance 1980s,POWERTRK_056-06,POWERTRK_056,400s,1980s
338,Wings,Maybe I'm Amazed,3M 51S,160.9,2001,TBD,HOTSTUFF_002-08,HOTSTUFF_002,400s,2000s
339,The Supremes,You Keep Me Hanging On,2M 41S,127.6,1968,TBD,HOTSTUFF_024-02,HOTSTUFF_024,400s,1960s
340,The Who,Baba O'Riley,5M 7S,116.2,1971,Rock 1970s,POWERTRK_143-15,POWERTRK_143,400s,1970s
341,Jimmy Cliff,The Harder They Come,3M 6S,98.8,1972,TBD,DTRANDOM_002-12,DTRANDOM_002,400s,1970s
342,Dion,Runaround Sue,2M 39S,157.6,1961,Rock 1960s,POWERTRK_042-12,POWERTRK_042,400s,1960s
343,LaVern Baker,Jim Dandy,2M 13S,84.2,1991,TBD,DTRANDOM_006-13,DTRANDOM_006,400s,1990s
344,Janis Joplin,Piece of My Heart,4M 12S,158.4,1968,Rock 1960s,POWERTRK_057-08,POWERTRK_057,400s,1960s
345,Ritchie Valens,La Bamba,2M 4S,151.5,1959,Rock 1950s,POWERTRK_026-15,POWERTRK_026,400s,1950s
346,2Pac,California Love,4M 47S,91.5,1996,R&B 1990s,ESSENTLS_013-17,ESSENTLS_013,400s,1990s
347,Elton John,Candle in the Wind,3M 48S,124.7,1974,Rock 1970s,ELTONJON_GH1-08,ELTONJON_GH1,400s,1970s
348,The Isley Brothers,That Lady (Part 1 & 2),5M 34S,128.2,1973,TBD,DTRANDOM_003-08,DTRANDOM_003,400s,1970s
349,Ben E. King,Spanish Harlem,2M 48S,125.4,1961,Slow,POWERTRK_137-17,POWERTRK_137,400s,1960s
350,Little Eva,Loco-Motion,2M 28S,127.5,1962,Rock 1960s,POWERTRK_022-07,POWERTRK_022,400s,1960s
351,The Platters,Great Pretender,2M 39S,120.9,1955,Slow,POWERTRK_024-08,POWERTRK_024,400s,1950s
352,Elvis Presley,All Shook Up,2M 0S,147,1957,Rock 1950s,POWERTRK_017-11,POWERTRK_017,400s,1950s
353,Eric Clapton,Tears in Heaven,4M 32S,153.7,1992,Slow,POWERTRK_010-09,POWERTRK_010,400s,1990s
354,Elvis Costello,Watching the Detective,3M 41S,134.6,1978,TBD,HOTSTUFF_027-07,HOTSTUFF_027,400s,1970s
355,Creedence Clearwater Revival,Bad Moon Rising,2M 19S,89.7,1969,Rock 1960s,POWERTRK_053-01,POWERTRK_053,400s,1960s
356,Eurythmics,Sweet Dreams,4M 53S,126,1983,Rock 1980s,POWERTRK_047-07,POWERTRK_047,400s,1980s
357,Jimi Hendrix,Little Wing,2M 23S,141.6,1993,TBD,DTRANDOM_003-15,DTRANDOM_003,400s,1990s
358,Martha Reeves & The Vandellas,Nowhere to Run,2M 55S,129.2,1965,Dance 1960s,POWERTRK_143-08,POWERTRK_143,400s,1960s
359,Muddy Waters,Got My Mojo Working,2M 50S,113.3,1999,TBD,DTRANDOM_005-14,DTRANDOM_005,400s,1990s
360,Roberta Flack,Killing Me Softly With His Song,4M 47S,121.8,1973,Slow,POWERTRK_091-10,POWERTRK_091,400s,1970s
361,The Clash,Complete Control,3M 13S,87.4,1977,TBD,DTRANDOM_009-09,DTRANDOM_009,400s,1970s
362,The Beatles,All You Need Is Love,3M 48S,104.7,1969,Rock 1960s,BEATLES__BLA-07,BEATLES__BLA,400s,1960s
363,Box Tops,The Letter,2M 0S,138.2,1967,Rock 1960s,POWERTRK_040-16,POWERTRK_040,400s,1960s
364,Bob Dylan,Highway 61 Revisited,3M 30S,136.8,1965,TBD,DTRANDOM_002-06,DTRANDOM_002,400s,1960s
365,The Righteous Brothers,Unchained Melody,3M 36S,100.8,1966,Slow,POWERTRK_024-10,POWERTRK_024,400s,1960s
366,Bee Gees,How Deep Is Your Love,4M 0S,105.1,1977,Slow,POWERTRK_145-12,POWERTRK_145,400s,1970s
367,Cream,White Room,4M 56S,110.2,1968,Rock 1960s,POWERTRK_122-09,POWERTRK_122,400s,1960s
368,Depeche Mode,Personal Jesus,5M 48S,130,1990,Rock 1990s,POWERTRK_086-13,POWERTRK_086,400s,1990s
369,Bo Diddley,I'm a Man,3M 2S,102.4,1957,TBD,DTRANDOM_008-19,DTRANDOM_008,400s,1950s
370,Jimi Hendrix,The Wind Cries Mary,3M 22S,153.8,1972,Rock 1970s,JIMHNDRX_GH1-03,JIMHNDRX_GH1,400s,1970s
371,The Who,I Can't Explain,2M 3S,137.8,1965,Rock 1960s,POWERTRK_134-02,POWERTRK_134,400s,1960s
372,Television,Marquee Moon,10M 40S,119.1,1977,TBD,DTRANDOM_006-15,DTRANDOM_006,400s,1970s
373,Sam Cooke,(What A) Wonderful World,2M 5S,128.8,1960,Rock 1960s,POWERTRK_096-17,POWERTRK_096,400s,1960s
374,Chuck Berry,Brown-Eyed Handsome Man,2M 18S,90.5,1957,TBD,DTRANDOM_001-03,DTRANDOM_001,400s,1950s
375,Pink Floyd,Another Brick in the Wall (Part II),3M 50S,104.1,1980,Rock 1980s,POWERTRK_010-06,POWERTRK_010,400s,1980s
376,Radiohead,Fake Plastic Trees,4M 50S,147.2,1995,Rock 1990s,BIGSHN90_01A-08,BIGSHN90_01A,400s,1990s
377,Ray Charles,Hit the Road Jack,1M 59S,86.4,1961,Rock 1960s,POWERTRK_088-17,POWERTRK_088,400s,1960s
378,U2,Pride (In the Name of Love),3M 46S,106.4,1984,Rock 1980s,POWERTRK_053-05,POWERTRK_053,400s,1980s
379,R.E.M.,Radio Free Europe [Original Hib-Tone Single],3M 49S,83.1,1988,Rock 1980s,REM______GH1-01,REM______GH1,400s,1980s
380,Elton John,Goodbye Yellow Brick Road,3M 12S,120.3,1973,Slow,POWERTRK_147-18,POWERTRK_147,400s,1970s
381,Aaron Neville,Tell It Like It Is,2M 38S,95.4,1993,TBD,HOTSTUFF_019-02,HOTSTUFF_019,400s,1990s
382,The Verve,Bitter Sweet Symphony,5M 57S,85.5,1997,TBD,HOTSTUFF_003-15,HOTSTUFF_003,400s,1990s
383,The Allman Brothers Band,Whipping Post,5M 22S,97.3,1969,TBD,DTRANDOM_001-13,DTRANDOM_001,400s,1960s
384,The Beatles,Ticket to Ride,3M 10S,123.9,1966,Rock 1960s,BEATLES__RDA-12,BEATLES__RDA,400s,1960s
385,"Crosby, Stills, Nash & Young",Ohio,3M 6S,156.8,1970,TBD,DTRANDOM_008-16,DTRANDOM_008,400s,1970s
386,Eric B. & Rakim,I Know You Got Soul,4M 44S,104.1,1987,TBD,DTRANDOM_005-11,DTRANDOM_005,400s,1980s
387,Elton John,Tiny Dancer,6M 16S,145.4,1992,Rock 1980s,ELTONJON_GH2-03,ELTONJON_GH2,400s,1990s
388,The Police,Roxanne,3M 11S,134.9,1979,Rock 1970s,POWERTRK_009-02,POWERTRK_009,400s,1970s
389,The Temptations,Just My Imagination (Running Away With Me),3M 50S,92.4,1965,Rock 1960s,TEMPTTNS_G1B-10,TEMPTTNS_G1B,400s,1960s
390,Four Tops,Baby I Need Your Lovin',2M 44S,121.4,2005,TBD,HOTSTUFF_018-13,HOTSTUFF_018,400s,2000s
391,Freda Payne,Band of Gold,2M 53S,106.9,1984,Rock 1980s,ESSENTLS_002-02,ESSENTLS_002,400s,1980s
392,Five Stairsteps,O-O-H Child,3M 16S,89,2001,TBD,DTRANDOM_007-19,DTRANDOM_007,400s,2000s
393,The Lovin' Spoonful,Summer in the City,2M 37S,113,1966,Rock 1960s,POWERTRK_035-07,POWERTRK_035,400s,1960s
394,Elvis Presley,Can't Help Falling in Love,3M 0S,114.2,1961,Slow,POWERTRK_006-02,POWERTRK_006,400s,1960s
395,The Shangri-Las,Remember (Walking in the Sand),2M 17S,110.7,1987,TBD,DTRANDOM_007-03,DTRANDOM_007,400s,1980s
396,Big Star,Thirteen,2M 34S,116.7,1978,TBD,DTRANDOM_008-02,DTRANDOM_008,400s,1970s
397,Blue Oyster Cult,(Don't Fear) the Reaper,5M 3S,141.5,1976,Rock 1970s,POWERTRK_020-01,POWERTRK_020,400s,1970s
398,Lynyrd Skynyrd,Sweet Home Alabama,4M 44S,98.1,1974,Rock 1970s,POWERTRK_036-15,POWERTRK_036,400s,1970s
399,Metallica,Enter Sandman,5M 31S,124.2,1991,Rock 1990s,POWERTRK_027-07,POWERTRK_027,400s,1990s
400,Paul Revere & The Raiders,Kicks,2M 47S,128,2000,TBD,DTRANDOM_001-11,DTRANDOM_001,400s,2000s
401,The Shirelles,Tonight's the Night,2M 2S,117.4,1961,TBD,DTRANDOM_006-06,DTRANDOM_006,500s,1960s
402,Sly & The Family Stone,Thank You (Falettinme Be Mice Elf Agin),4M 49S,105.5,1970,Dance 1970s,POWERTRK_150-15,POWERTRK_150,500s,1970s
403,Eddie Cochran,C'Mon Everybody,1M 56S,87.8,1959,Rock 1950s,POWERTRK_035-06,POWERTRK_035,500s,1950s
404,Bob Dylan,Visions of Johanna,7M 32S,102.8,1985,TBD,DTRANDOM_008-14,DTRANDOM_008,500s,1980s
405,Carpenters,We've Only Just Begun,3M 5S,89.6,1970,Easy,POWERTRK_013-10,POWERTRK_013,500s,1970s
406,R. Kelly,I Believe I Can Fly,4M 41S,120.5,1996,TBD,POBO1996_001-18,POBO1996_001,500s,1990s
407,Nirvana,In Bloom,4M 15S,156.7,2002,TBD,DTRANDOM_008-20,DTRANDOM_008,500s,2000s
408,Aerosmith,Sweet Emotion,4M 35S,99.7,1991,Rock 1990s,POWERTRK_064-02,POWERTRK_064,500s,1990s
409,Cream,Crossroads,4M 13S,131.6,1994,Rock 1980s,ERICCLAP_GH1-05,ERICCLAP_GH1,500s,1990s
410,Pixies,Monkey Gone to Heaven,2M 55S,116.5,1989,TBD,DTRANDOM_004-04,DTRANDOM_004,500s,1980s
411,Donna Summer,I Feel Love,5M 52S,126.7,1977,Disco,POWERTRK_041-14,POWERTRK_041,500s,1970s
412,Bobbie Gentry,Ode to Billie Joe,4M 13S,120.1,1967,Country,CNTRYTRK_001-02,CNTRYTRK_001,500s,1960s
413,Little Richard,The Girl Can't Help It,2M 33S,86.1,1956,TBD,DTRANDOM_001-09,DTRANDOM_001,500s,1950s
414,The Coasters,Young Blood,2M 25S,109.2,1957,TBD,DTRANDOM_007-09,DTRANDOM_007,500s,1950s
415,Four Tops,I Can't Help Myself,2M 44S,128,1965,Rock 1960s,POWERTRK_017-04,POWERTRK_017,500s,1960s
416,Don Henley,Boys of Summer,4M 46S,88.5,1984,Rock 1980s,POWERTRK_070-17,POWERTRK_070,500s,1980s
417,N.W.A.,Fuck Tha Police,5M 45S,98.6,1989,TBD,DTRANDOM_001-08,DTRANDOM_001,500s,1980s
418,"Crosby, Stills & Nash",Suite: Judy Blue Eyes,7M 29S,143,1971,TBD,DTRANDOM_003-09,DTRANDOM_003,500s,1970s
419,Dr. Dre,Nuthin' but a 'G' Thang,4M 0S,94.7,1993,R&B 1990s,POWERTRK_113-02,POWERTRK_113,500s,1990s
420,The Isley Brothers,It's Your Thing,2M 47S,92.7,1984,TBD,DTRANDOM_007-18,DTRANDOM_007,500s,1980s
421,Billy Joel,Piano Man,5M 37S,103.2,1974,Slow,POWERTRK_073-05,POWERTRK_073,500s,1970s
422,The Kinks,Lola,4M 8S,149.4,1970,Rock 1970s,POWERTRK_091-11,POWERTRK_091,500s,1970s
423,Elvis Presley,Blue Suede Shoes,1M 59S,95.6,1956,Rock 1950s,POWERTRK_019-14,POWERTRK_019,500s,1950s
424,The Rolling Stones,Tumbling Dice,3M 39S,110.6,1972,TBD,HOTSTUFF_023-18,HOTSTUFF_023,500s,1970s
425,The Smiths,"William, It Was Really Nothing",2M 9S,131,1984,Rock 1970s,SMITHS___GH1-02,SMITHS___GH1,500s,1980s
426,Deep Purple,Smoke on the Water,5M 39S,114,1973,Rock 1970s,POWERTRK_040-13,POWERTRK_040,500s,1970s
427,U2,New Year's Day,5M 35S,133.2,1983,Rock 1980s,POWERTRK_001-03,POWERTRK_001,500s,1980s
428,Mitch Ryder & The Detroit Wheels,Devil With a Blue Dress on - Good Golly Miss Molly,3M 30S,159,1966,Rock 1960s,POWERTRK_055-02,POWERTRK_055,500s,1960s
429,Solomon Burke,Everybody Needs Somebody to Love,2M 44S,149.8,1964,TBD,DTRANDOM_008-03,DTRANDOM_008,500s,1960s
430,The Clash,(White Man) in Hammersmith Palais,4M 1S,102.8,1978,TBD,DTRANDOM_007-14,DTRANDOM_007,500s,1970s
431,Fats Domino,Ain't That a Shame,2M 26S,123.2,1955,Rock 1950s,POWERTRK_087-01,POWERTRK_087,500s,1950s
432,Gladys Knight and The Pips,Midnight Train to Georgia,4M 37S,90.8,1973,Dance 1970s,POWERTRK_165-03,POWERTRK_165,500s,1970s
433,Led Zeppelin,Ramble On,4M 29S,99.1,1969,Rock 1960s,POWERTRK_071-08,POWERTRK_071,500s,1960s
434,Wilson Pickett,Mustang Sally,3M 2S,110,1966,Rock 1960s,POWERTRK_161-18,POWERTRK_161,500s,1960s
435,The Rolling Stones,Beast of Burden,4M 27S,100.9,1978,TBD,HOTSTUFF_024-08,HOTSTUFF_024,500s,1970s
436,Love,Alone Again Or,3M 16S,114.1,1967,TBD,DTRANDOM_004-17,DTRANDOM_004,500s,1960s
437,Elvis Presley,Love Me Tender,2M 46S,108.3,1956,Slow,POWERTRK_013-02,POWERTRK_013,500s,1950s
438,The Stooges,I Wanna Be Your Dog,3M 10S,120.9,1969,TBD,DTRANDOM_005-07,DTRANDOM_005,500s,1960s
439,John Mellencamp,Pink Houses,4M 45S,115.5,1983,Rock 1980s,POWERTRK_162-09,POWERTRK_162,500s,1980s
440,Salt 'N' Pepa,Push It,4M 35S,128.1,1987,R&B 1980s,POWERTRK_051-11,POWERTRK_051,500s,1980s
441,The Dell-Vikings,Come Go With Me,2M 39S,125.2,1957,Rock 1950s,POWERTRK_009-15,POWERTRK_009,500s,1950s
442,Little Richard,Keep a Knockin',2M 22S,119.9,1958,TBD,DTRANDOM_008-18,DTRANDOM_008,500s,1950s
443,Bob Marley & The Wailers,I Shot the Sheriff,4M 41S,96.7,1975,Reggae,BOBMARLY_G1A-10,BOBMARLY_G1A,500s,1970s
444,Sonny & Cher,I Got U Babe,3M 9S,110.4,1965,Rock 1960s,POWERTRK_056-15,POWERTRK_056,500s,1960s
445,Nirvana,Come as You Are,3M 37S,120.9,1991,Rock 1990s,POWERTRK_106-05,POWERTRK_106,500s,1990s
446,Toots & The Maytals,Pressure Drop,3M 44S,147.6,1972,TBD,DTRANDOM_006-10,DTRANDOM_006,500s,1970s
447,The Shangri-Las,Leader of the Pack,2M 51S,119.1,1964,Rock 1960s,POWERTRK_111-17,POWERTRK_111,500s,1960s
448,The Velvet Underground,Heroin,7M 12S,131.8,2005,TBD,DTRANDOM_002-15,DTRANDOM_002,500s,2000s
449,The Beatles,Penny Lane,3M 1S,113.8,1969,Rock 1960s,BEATLES__BLA-02,BEATLES__BLA,500s,1960s
450,Glen Campbell,By the Time I Get to Phoenix,2M 46S,87.6,2001,TBD,DTRANDOM_002-19,DTRANDOM_002,500s,2000s
451,Chubby Checker,The Twist,2M 37S,155.5,1961,Rock 1960s,POWERTRK_038-07,POWERTRK_038,500s,1960s
452,Sam Cooke,Cupid,2M 31S,120.1,1960,TBD,DTRANDOM_004-08,DTRANDOM_004,500s,1960s
453,Guns N' Roses,Paradise City,6M 46S,101.2,1989,Rock 1980s,POWERTRK_003-09,POWERTRK_003,500s,1980s
454,George Harrison,My Sweet Lord,4M 38S,121.5,1970,Rock 1970s,POWERTRK_099-01,POWERTRK_099,500s,1970s
455,Nirvana,All Apologies,3M 46S,116.4,1993,Rock 1990s,POWERTRK_105-16,POWERTRK_105,500s,1990s
456,Lloyd Price,Stagger Lee,2M 21S,135.6,1959,Rock 1950s,POWERTRK_040-17,POWERTRK_040,500s,1950s
457,Ramones,Sheena Is a Punk Rocker,2M 48S,88.1,1977,TBD,DTRANDOM_001-15,DTRANDOM_001,500s,1970s
458,Sam & Dave,Soul Man,2M 37S,112.6,1967,Dance 1960s,POWERTRK_003-15,POWERTRK_003,500s,1960s
459,Muddy Waters,Rollin' Stone,3M 8S,84.8,1988,TBD,DTRANDOM_005-08,DTRANDOM_005,500s,1980s
460,The Chiffons,One Fine Day,2M 9S,89.4,1963,Easy,1FINEDAY_ST1-13,1FINEDAY_ST1,500s,1960s
461,Prince,Kiss,3M 47S,111.5,1986,Dance 1980s,POWERTRK_013-03,POWERTRK_013,500s,1980s
462,The Staple Singers,Respect Yourself,3M 34S,109.9,1990,TBD,DTRANDOM_001-07,DTRANDOM_001,500s,1990s
463,The Beatles,Rain,3M 2S,105.5,1988,TBD,DTRANDOM_003-01,DTRANDOM_003,500s,1980s
464,Four Tops,Standing in the Shadows of Love,2M 39S,114,1992,TBD,DTRANDOM_001-16,DTRANDOM_001,500s,1990s
465,Cheap Trick,Surrender,4M 12S,134.7,1978,Rock 1980s,CHPTRICK_GH1-09,CHPTRICK_GH1,500s,1970s
466,Del Shannon,Runaway,2M 18S,152.1,1961,Rock 1960s,POWERTRK_014-08,POWERTRK_014,500s,1960s
467,Guns N' Roses,Welcome to the Jungle,4M 32S,124,1988,Rock 1980s,POWERTRK_067-09,POWERTRK_067,500s,1980s
468,The Stooges,Search And Destroy,3M 29S,107.4,1973,TBD,DTRANDOM_007-07,DTRANDOM_007,500s,1970s
469,Carole King,It's Too Late,3M 54S,103.5,1971,Slow,POWERTRK_035-10,POWERTRK_035,500s,1970s
470,Joni Mitchell,Free Man in Paris,3M 3S,162.5,1974,TBD,DTRANDOM_006-11,DTRANDOM_006,500s,1970s
471,Willie Nelson,On the Road Again,2M 33S,110.5,1980,Country,POWERTRK_024-14,POWERTRK_024,500s,1980s
472,The Supremes,Where Did Our Love Go,2M 32S,135.8,1964,Dance 1960s,POWERTRK_025-06,POWERTRK_025,500s,1960s
473,Aretha Franklin,Do Right Woman - Do Right Man,3M 13S,131.4,2002,TBD,DTRANDOM_002-05,DTRANDOM_002,500s,2000s
474,Funkadelic,One Nation Under a Groove,7M 28S,122.4,1978,TBD,DTRANDOM_002-09,DTRANDOM_002,500s,1970s
475,Beastie Boys,Sabotage,2M 59S,84,1994,Rock 1990s,POWERTRK_050-09,POWERTRK_050,500s,1990s
476,Foreigner,I Want to Know What Love Is,5M 0S,161.3,1984,Slow,POWERTRK_028-10,POWERTRK_028,500s,1980s
477,Rick James,Super Freak,3M 25S,132.8,1981,Dance 1980s,POWERTRK_006-05,POWERTRK_006,500s,1980s
478,Jefferson Airplane,White Rabbit,2M 32S,105.5,1967,Rock 1960s,POWERTRK_034-12,POWERTRK_034,500s,1960s
479,LaBelle,Lady Marmalade,3M 16S,117.4,1975,Disco,POWERTRK_003-01,POWERTRK_003,500s,1970s
480,Van Morrison,Into the Mystic,3M 27S,85.2,1970,Slow,POWERTRK_130-10,POWERTRK_130,500s,1970s
481,David Bowie,Young Americans,5M 11S,85.1,1975,Rock 1970s,POWERTRK_037-09,POWERTRK_037,500s,1970s
482,Alice Cooper,I'm Eighteen,2M 57S,97.9,1971,TBD,DTRANDOM_001-01,DTRANDOM_001,500s,1970s
483,The Cure,Just Like Heaven,3M 31S,151.7,1987,Rock 1980s,POWERTRK_098-07,POWERTRK_098,500s,1980s
484,Joan Jett & The Blackhearts,I Love Rock 'N Roll,2M 55S,94.7,1982,Rock 1980s,POWERTRK_018-13,POWERTRK_018,500s,1980s
485,Paul Simon,Graceland,4M 51S,117.9,1986,TBD,DTRANDOM_007-04,DTRANDOM_007,500s,1980s
486,The Smiths,How Soon Is Now?,6M 46S,95.4,1984,Rock 1980s,POWERTRK_045-06,POWERTRK_045,500s,1980s
487,The Drifters,Under the Boardwalk,2M 40S,124.5,1964,Slow,POWERTRK_038-01,POWERTRK_038,500s,1960s
488,Fleetwood Mac,Rhiannon,4M 11S,129,1975,Rock 1980s,FLEETMAC_GH1-01,FLEETMAC_GH1,500s,1970s
489,Gloria Gaynor,I Will Survive,3M 17S,117.1,1979,Disco,POWERTRK_001-01,POWERTRK_001,500s,1970s
490,The Rolling Stones,Brown Sugar,3M 46S,128.3,1971,Rock 1970s,ESSENTLS_011-09,ESSENTLS_011,500s,1970s
491,Dusty Springfield,You Don't Have to Say You Love Me,2M 47S,111.9,1966,TBD,HOTSTUFF_014-02,HOTSTUFF_014,500s,1960s
492,Jackson Browne,Running on Empty,4M 47S,136.5,1996,Rock 1990s,POWERTRK_129-11,POWERTRK_129,500s,1990s
493,The Crystals,Then He Kissed Me,2M 28S,134.6,1963,Rock 1960s,POWERTRK_032-16,POWERTRK_032,500s,1960s
494,The Eagles,Desperado,3M 32S,121.9,1972,Slow,POWERTRK_007-06,POWERTRK_007,500s,1970s
495,Smokey Robinson and The Miracles,Shop Around,2M 44S,135.5,1983,Rock 1970s,MOTOWN___G1B-02,MOTOWN___G1B,500s,1980s
496,The Rolling Stones,Miss You,4M 48S,110.3,1978,TBD,HOTSTUFF_023-12,HOTSTUFF_023,500s,1970s
497,Weezer,Buddy Holly,2M 40S,121.2,1994,Rock 1990s,POWERTRK_062-14,POWERTRK_062,500s,1990s
498,Brook Benton,Rainy Night in Georgia,3M 59S,137.3,1970,Slow,POWERTRK_083-18,POWERTRK_083,500s,1970s
499,Thin Lizzy,The Boys Are Back in Town,4M 28S,120.6,1976,Rock 1970s,POWERTRK_057-09,POWERTRK_057,500s,1970s
500,Boston,More Than a Feeling,4M 45S,109,1976,Rock 1970s,POWERTRK_023-03,POWERTRK_023,500s,1970s
